FName,LName,AreaCode,Phone,City,State,Zip,MaritalStatus,HasChild,Salary,RateDOUBLE,SingleExemp,ChildExemp
Rafiul,Armando,985,199-1437,DODSON,LA,71422,M,N,86000,6,0,0
Xiangzhen,Inamori,502,109-1856,LOUISVILLE,KY,40211,S,N,49000,4.5555553,20,0
Sudhanshu,Crouch,301,137-1798,SILVER SPRING,MD,20914,M,N,32000,4.75,0,0
Daigo,Wijk,913,155-2069,AURORA,KS,67417,M,Y,68000,6.45,0,2250
Mrinalini,Elustondo,401,192-1205,CENTRAL FALLS,RI,2863,S,N,18500,0,0,0
Breck,Armstead,805,140-1589,YETTEM,CA,93670,M,N,59000,9.3,0,0
Jai,Varker,307,178-1103,HAWK SPRINGS,WY,82217,S,N,25500,0,0,0
Kabekode,Broadwell,302,105-1851,LITTLE CREEK,DE,19961,M,Y,98000,5.95,0,110
Gunilla,Grom,251,150-1394,DELTA,AL,36258,M,N,64500,5,0,0
Masoud,Rauzy,308,149-1732,BREWSTER,NE,68821,M,N,94000,6.84,0,0
Hideyuki,Mozeico,919,122-1903,SALISBURY,NC,28145,M,N,76500,7.337413,0,0
Kyung,Buescher,401,179-1384,LA VETA,WV,2908,M,Y,54000,0,0,0
Lihong,Miremadi,901,174-1735,WHITE HOUSE,TN,37188,S,Y,49500,0,0,0
Venkateswarlu,Laudwein,971,131-1494,PORTLAND,OR,97255,S,N,43000,9,159,0
Guang,Westmeier,651,196-1333,GRANADA,MN,56039,M,N,72000,7.85,0,0
Nabiel,Buescher,754,173-1050,HUDSON,FL,34667,M,N,5500,0,0,0
Carsten,Belt,801,129-1402,SANDY,UT,84091,M,N,26500,7,0,0
Riadh,Mourlas,505,197-1429,WHITES CITY,NM,88268,S,Y,1500,1.7,3300,3300
Dimitris,Heilandt,715,132-1340,RACINE,WI,53405,M,Y,72500,5.7061014,0,400
Kailasam,Setlzner,916,161-1284,TULARE,CA,93274,M,Y,99000,9.3,0,272
Aysegul,Gennip,703,158-1016,MC KENNEY,VA,23872,M,N,73000,5.75,0,0
Manjai,Colignon,318,136-1014,NEW ORLEANS,LA,70187,M,Y,46500,6,0,1000
Bowden,Brender,913,105-1642,GOODLAND,KS,67735,S,Y,17000,3.8933334,2250,2250
Masashi,Chitil,603,135-1582,ROCHESTER-typoHARTMAN,WV,3866,S,N,18000,0,0,0
Huseyin,Vendrig,260,193-1460,NOTRE DAME,IN,46556,M,Y,25000,3.4,0,1000
Lissa,Grigsby,303,130-1781,AGATE,CO,80101,S,N,62000,4.63,0,0
Branka,Fayolle,617,156-1170,SOUTHAMPTON,MA,1073,S,Y,79500,5.3,3575,1000
Erich,Kayton,307,125-1435,FRONTIER,WY,83121,S,N,59000,0,0,0
Wendie,Loganantharaj,787,106-1904,SAN JUAN,PR,907,S,Y,47500,0,0,0
Maddalena,Sarangdhar,217,191-1231,VILLA PARK,IL,60181,S,Y,96500,3,2000,2000
Mohit,Simov,947,196-1931,MACOMB,MI,48044,S,N,26500,3.9,3100,0
Guntis,Melichar,603,106-1850,MADBURY,NH,3823,S,N,32500,0,0,0
Angel,Skronn,339,188-1550,IPSWICH,MA,1938,M,N,5000,5.3,0,0
Yunfa,Bedard,712,112-1121,NORTH FORT MYERS,MI,50321,M,Y,96000,8.98,0,40
Takenobu,Eustace,702,133-1697,DAYTON,NV,89403,M,N,31000,0,0,0
Lina,Ziauddin,770,138-2034,BROOKLET,GA,30415,S,N,85500,6,2700,0
Harriet,Deen,787,142-1249,AGUADA,PR,602,M,N,77000,0,0,0
Diederik,Iuchi,913,105-1295,POWHATTAN,KS,66527,S,Y,53500,6.45,2250,2250
Anurag,Susaki,304,144-1536,WHITE SULPHUR SPRINGS,WV,24986,S,Y,61000,6.5,2000,2000
Vince,Claessen,860,155-1474,WATERBURY,CT,6721,M,Y,92500,5,0,0
Mimi,Leishman,505,161-1383,WATERFLOW,NM,87421,S,N,56000,5.3,3300,0
Houari,Hooman,781,169-1854,BOSTON,MA,2114,M,N,79000,5.3,0,0
Sunggu,Relihan,775,103-1444,RENO,NV,89570,S,N,91000,0,0,0
Yali,Pordesch,651,169-1464,LEWISVILLE,MN,56060,M,Y,58000,7.3505335,0,3300
Sergi,Artola,845,193-1534,TRIBES HILL,NY,12177,S,N,10000,4.011585,0,0
Vasken,Shanbhogue,502,136-2066,ANNVILLE,KY,40402,S,Y,93000,6,20,20
Kaivalya,Rudisin,620,151-1436,HOPE,KS,67451,M,Y,24500,5.3683333,0,2250
Jin,Bozinovic,989,107-1527,SAINT JOHNS,MI,48879,S,Y,98500,3.9,3100,3100
HweeHwa,Granlund,202,135-1986,WASHINGTON,DC,20306,M,Y,86500,9,0,1370
Christopher,Azulay,405,159-1992,UNION CITY,OK,73090,S,Y,67500,6.25,1000,1000
Ethan,Lamont,234,145-1059,KENT,OH,44240,S,N,5500,0.72859746,1300,0
Svetozara,Groger,443,111-1152,TILGHMAN,MD,21671,S,N,88500,4.75,2400,0
Seongmoon,Purvy,617,193-2019,AMHERST,MA,1004,S,N,51500,5.3,3575,0
Philippos,Schahn,334,110-1826,HIGHLAND HOME,AL,36041,M,N,31500,5,0,0
Akihito,Pirk,320,168-1737,LA SALLE,MN,56056,S,N,40000,6.3900213,3300,0
Jill,Dupuy,763,144-1041,HOMER,MN,55942,S,Y,10500,5.35,3300,3300
Jinjuan,Werling,864,102-1607,NORTH FORT MYERS,NV,29911,S,Y,6000,4.001459,3300,3300
Minghui,Viles,860,139-1464,NEW HAVEN,CT,6531,M,Y,96500,5,0,0
Jorma,Heyers,407,166-1557,HIALEAH,FL,33012,S,N,30000,0,0,0
Keki,Kreutz,916,199-1963,TRAVER,CA,93673,M,N,54500,9.3,0,0
Huizhu,Mikschl,302,138-2041,NEWARK,DE,19711,M,N,500,2.2,0,0
Marko,Onuegbe,405,126-1236,OKLAHOMA CITY,OK,73113,S,N,35500,6.25,1000,0
Mirek,Bitz,218,118-1642,MOUNTAIN IRON,MN,55768,M,N,26500,5.669637,0,0
Radenko,Boizumault,787,157-1576,ALMONT,PR-typoCT,737,M,Y,36000,0,0,0
Shohji,Flotzinger,612,168-1583,NEW MUNICH,MN,56356,M,N,13000,5.35,0,0
Rabin,Moshiri,435,101-1554,TORREY,UT,84775,M,N,19000,7,0,0
Keith,Dougan,617,160-1595,NORTH CHATHAM,MA,2650,M,Y,63000,5.3,0,1000
Seungwang,Meguro,253,167-1467,SEATTLE,WA,98102,S,N,80500,0,0,0
Loius,Starr,334,119-1361,GADSDEN,AL,35903,S,Y,79500,5,1500,300
Michio,Ilgun,985,184-1424,ACME,LA,71316,S,N,73500,6,4500,0
Kunle,Chuat,939,107-1610,NORTH FORT MYERS,PR-typoCT,949,S,N,10500,0,0,0
Dipanwita,Rieu,715,180-2069,FENCE,WI,54120,M,Y,17500,4.7504687,0,400
Rongdong,Loncour,402,195-2086,WHITNEY,NE,69367,M,N,66500,6.84,0,0
Guangwei,Weigand,971,116-1027,WINSTON,OR,97496,S,Y,96000,9,159,159
Emma,Ponighaus,401,107-1887,KENYON,RI,2836,S,Y,44500,0,0,0
Object,Carboni,862,143-1425,CALDWELL,NJ,7007,M,Y,8500,1.4,0,1500
Guri,Pedersen,607,127-1568,DUNDEE,NY,14837,M,N,97000,4.5155487,0,0
Daisy,Kadur,803,132-1718,CLEMSON,SC,29631,S,Y,18000,7,3300,3300
Jianxun,Poltrock,574,156-1049,LAWRENCEBURG,IN,47025,S,N,83000,3.4,1000,0
Jerri,Kornyak,702,188-2098,SLOAN,NV,89054,S,Y,50500,0,0,0
Mones,Boshuizen,580,161-1662,KREBS,OK,74554,M,Y,38500,6.25,0,1000
Tianji,Szablak,561,175-1795,ORLANDO,FL,32830,S,Y,76000,0,0,0
Shozo,Steffens,757,178-1831,RICHMOND,VA,23293,M,Y,90000,5.75,0,900
Vishal,McDonald,803,193-1419,COLUMBIA,SC,29240,S,Y,10500,5.9713035,3300,3300
Shamim,Liddle,985,138-1753,BATON ROUGE,LA,70874,M,Y,46000,6,0,1000
Kexiang,Saltman,412,114-1917,GETTYSBURG,PA,17326,S,N,91500,3.07,0,0
Kensuke,Levcopoulos,601,158-1772,WOODLAND,MS,39776,S,N,6000,3.4,6000,0
Masoud,Pfeifer,479,126-1576,FORT SMITH,AR,72914,S,Y,32500,7,20,20
Yordan,Peak,843,188-1907,LANE,SC,29564,S,N,28500,7,3300,0
Vincenza,Babel,207,180-1397,SUNSET,ME,4683,S,Y,35000,8.5,2850,2850
Rusong,Zochling,302,118-1402,MILLVILLE,DE,19967,M,N,66000,5.95,0,0
Qiang,Angster,939,184-1066,PONCE,PR,731,M,N,6000,0,0,0
Aelmut,Shinomoto,307,129-1353,CHEYENNE-typoHARTMAN,GA,82007,S,N,59000,0,0,0
Shaunak,Buitenhuis,215,111-1440,PLEASANT UNITY,PA,15676,M,Y,96500,3.07,0,0
Kalyanmoy,Sahnmugasundaram,585,192-1854,GREAT NECK,NY,11023,S,Y,81000,4.422866,0,1000
Nageshwar,Bettayeb,907,104-1871,NORTH POLE,AK,99705,M,Y,62500,0,0,0
Hayato,Weerasinghe,541,181-2064,CRESCENT,OR,97733,M,Y,24000,9,0,159
Swaminathan,McIlraith,618,185-1961,RALEIGH,IL,62977,M,Y,35000,3,0,2000
Jintae,Galand,401,108-1793,HARTMAN,CT,2878,S,Y,80000,0,0,0
Leslie,Boy,304,172-1091,NEW RICHMOND,WV,24867,M,Y,66500,6.5,0,2000
Maneesh,Shephard,603,115-1345,FRANCONIA,NH,3580,M,N,34000,0,0,0
Bader,Babin,251,128-2028,UNIONTOWN,AL,36786,S,N,39500,5,1500,0
Leni,Barr,716,121-2029,WESTBURY,NY,11594,M,Y,30500,4.1303353,0,1000
Detmar,Hailpern,304,158-1523,VAN,WV,25206,S,Y,41000,5.17,2000,2000
Hanqing,Cassel,217,101-1324,ANTIOCH,IL,60002,M,N,51500,3,0,0
Detlef,Agarawala,662,111-1420,PRAIRIE,MS,39756,M,N,63500,5,0,0
Akiniro,Noye,947,199-1021,NORTH FORT MYERS,IA,48231,M,N,56000,3.9,0,0
Kuniji,Yershov,571,179-1518,FORT MONROE,VA,23651,S,Y,86000,5.75,900,900
Tibor,Lismont,860,124-2008,WATERBURY,CT,6701,S,N,9000,3,12750,0
Philippe,Myers,609,102-1553,FAR HILLS,NJ,7931,M,N,99000,2.645896,0,0
Winfried,Litecky,479,139-1261,ALMONT,GA,72015,M,N,11000,2.8168998,0,0
Keiki,Rebizant,228,153-2006,GULFPORT,MS,39507,M,N,32500,5,0,0
Chihei,Kottmann,701,180-1449,ALMONT,MI,58731,S,Y,61000,2.4628372,3300,3300
Akila,Welcome,808,158-1677,HONOLULU,HI,96810,S,Y,8000,2.4815788,1040,1040
Tokuji,Baayen,208,138-1432,HAILEY,ID,83333,S,N,50000,7.8,3300,0
Merik,Vines,801,128-1578,SYRACUSE,UT,84075,S,N,11500,7,2475,0
Sarnath,Sherrell,810,138-1158,ROCK,MI,49880,S,N,3000,3.9,3100,0
Yossi,Jelonek,603,192-1257,ASHUELOT,NH,3441,M,Y,74000,0,0,0
Alassane,Baudin,907,107-1159,FAIRBANKS,AK,99710,M,N,79000,0,0,0
Yurii,Pesotchinsky,706,191-1524,UNION CITY,GA,30291,M,N,82500,6,0,0
Ikuyo,Pietrzak,267,168-2030,CARROLLTOWN-typoNORTH FORT MYERS,PA-typoWV,15722,S,N,16500,3.07,0,0
Elisha,Tzannes,435,193-1733,ALMONT,UT-typoWV,84755,S,N,95500,7,2475,0
Puthirak,Hofer,706,172-2086,ATLANTA,GA,30338,M,N,5000,4.4,0,0
Ahish,Ersoy,307,145-1636,HULETT,WY,82720,S,Y,68000,0,0,0
Sjaak,Mackay,605,164-1976,MISSION HILL,SD,57046,M,Y,47500,0,0,0
Eamon,Chubarov,701,171-1063,LIDGERWOOD,ND,58053,S,Y,35500,2.167235,3300,3300
Pro,Czap,412,161-2066,PARADISE,PA,17562,S,N,38500,3.07,0,0
Sulamita,Rubin,440,117-1817,CORNING,OH,43730,M,Y,14500,1.0273513,0,1300
Zoe,Krauser,610,140-1862,TAYLOR,PA,18517,S,N,45500,3.07,0,0
Bai,Harnpanichpun,785,139-2037,TOPEKA,KS,66624,M,N,65000,6.45,0,0
Ludwik,Murdoch,785,164-1395,MILFORD,KS,66514,S,Y,72000,6.45,2250,2250
Simin,Gerlich,406,154-1541,BLOOMFIELD,MT,59315,M,Y,92500,6.9,0,1900
Farzin,Kitano,773,164-1895,NORTH AURORA,IL,60542,M,Y,18000,3,0,2000
Xiaohan,Troxel,207,173-1640,SANDY POINT,ME,4972,M,N,2000,2,0,0
Francesco,Uchiyama,574,170-1787,FLORENCE,IN,47020,S,Y,48000,3.4,1000,1000
Venu,Edupuganty,480,129-1341,FORT THOMAS,AZ,85536,S,N,5000,2.87,2100,0
Jooseok,Ruane,318,194-1685,MOUNT AIRY,LA,70076,M,Y,88000,6,0,1000
Praful,Hylton,517,149-1762,DETROIT,MI,48204,S,Y,91500,3.9,3100,3100
Analia,Gubsky,606,131-2041,FEDSCREEK-typoALMONT,GA,41524,S,Y,13500,2.5833333,20,20
Xiaoshan,Leiva,205,135-1560,SWEET WATER,AL,36782,S,N,16500,5,1500,0
Shunge,Lovelady,334,182-1243,THEODORE,AL,36582,M,Y,39000,5,0,300
Guenter,Mistelberger,417,161-1875,DIAMOND,MO,64840,M,Y,68500,6,0,1200
Souichi,Mellouli,757,127-1770,FREDERICKSBURG,VA,22408,S,Y,65000,5.75,900,900
Bjajesh,Zirkelbach,304,127-1557,MCMECHEN,WV,26040,M,N,40500,5.135,0,0
Toralf,Gose,712,108-1107,CASTANA,IA,51010,M,N,58000,8.98,0,0
Sieger,Nemani,405,187-1234,WANETTE,OK,74878,S,N,86500,6.25,1000,0
Maury,Costake,304,124-1004,WHARNCLIFFE,WV,25651,S,Y,8000,3,2000,2000
Jiazhen,Hogan,515,177-2000,IOWA FALLS,IA,50126,S,N,7500,1.3219289,40,0
Hyungill,Bus,970,153-1484,MONARCH-typoNORTH FORT MYERS,CO-typoIA,81227,M,N,83000,4.63,0,0
Salah,Schlumberger,602,144-1447,CLARKDALE,AZ,86324,M,N,31500,3.20325,0,0
Samual,Parisotto,719,147-1102,NIWOT,CO,80544,S,N,86500,4.63,0,0
Niamh,Awong,580,157-2048,NINNEKAH,OK,73067,M,Y,9000,5.611111,0,1000
Naji,Bramson,213,113-1726,VAN NUYS,CA,91497,S,Y,19500,4.1117325,87,272
Zerksis,Rain,787,170-1807,ARECIBO,PR,612,M,N,6000,0,0,0
Xiulin,Prabhakar,571,155-1698,HOT SPRINGS,VA,24445,M,N,32000,5.75,0,0
Fun,Kale,808,107-1325,HONOLULU,HI,96823,S,Y,6500,2.2111843,1040,1040
Nachum,Flatt,918,123-1897,TEXHOMA,OK,73949,M,N,34000,6.25,0,0
Subhada,Steigerwald,925,142-1264,LOS ANGELES,CA,90082,M,N,77000,9.3,0,0
Fumihiko,Lattin,217,173-1769,ROCHESTER,IL,62563,M,Y,52500,3,0,2000
Raimo,Kohri,702,127-1123,HENDERSON,NV,89015,M,Y,97000,0,0,0
Debashish,Gellerich,406,127-1004,GARDINER,MT,59030,S,N,2500,1.1017241,1900,0
Carron,Goel,907,184-1267,JUNEAU,AK,99850,S,Y,18000,0,0,0
Ramamohanrao,Lanzelotte,715,107-1278,MC FARLAND,WI,53558,M,N,4500,4.6,0,0
Kamyar,Meinke,208,123-1490,NOTUS,ID,83656,S,Y,87500,7.8,3300,3300
Kunihiko,Rabi,402,173-1903,LINCOLN,NE,68502,M,Y,71000,6.84,0,103
Henda,Cavin,802,169-1228,AVERILL,VT,5901,M,Y,27500,3.6,0,3300
Gour,Lehtovaara,206,138-1181,HOOPER,WA,99333,S,Y,71500,0,0,0
Hausi,Rokusawa,502,102-1824,FORT KNOX,KY,40121,M,Y,69000,5.666667,0,20
Ragui,Beth,701,147-1556,MCCLUSKY,ND,58463,S,N,4500,2.1,3300,0
Oded,McDonnell,415,121-1970,SACRAMENTO,CA,94290,S,N,73000,9.3,87,0
Andree,Presttun,939,174-1184,MOCA,PR,676,M,N,54000,0,0,0
Kjell,Habasinski,256,112-1787,MOBILE,AL,36640,S,Y,81000,5,1500,300
Rehmi,Zhang,307,148-1239,ALMONT,WV,82432,M,N,11500,0,0,0
Mayer,Normoyle,605,114-2043,RIDGEVIEW,SD,57652,M,N,87500,0,0,0
Serban,Faris,252,143-1886,WINSTON SALEM,NC,27107,S,Y,77000,7.3479023,3300,3300
Agata,Kunchithapadam,307,175-1824,MADISON LAKE,IA,82420,S,N,88000,0,0,0
Okihiko,Ali,201,199-1352,MICKLETON,NJ,8056,S,N,68000,2.157,1000,0
Uli,Slaman,901,123-1128,TENNESSEE RIDGE,TN,37178,S,Y,14500,0,0,0
Clyde,Bernick,801,106-1214,RUSH VALLEY,UT,84069,S,N,69000,7,2475,0
Yoko,Harrang,606,102-2045,PORT ROYAL,KY,40058,M,N,17000,2.7777777,0,0
Agostinho,Krieger,262,100-1846,BLUE RIVER,WI,53518,S,Y,76500,5.7756023,700,400
Dafna,Hoogewijs,931,146-1674,JOHNSON CITY,TN,37605,S,N,95000,0,0,0
Jega,Faltenbacher,610,162-1069,DRY RUN,PA,17220,M,N,55000,3.07,0,0
Takayuki,Bencher,502,164-2093,BRADFORDSVILLE,KY,40009,M,N,65000,5.4444447,0,0
Sugih,Razum,505,181-1961,UTE PARK,NM,87749,M,Y,55000,5.3,0,3300
Gesine,Kinney,201,197-1114,CHANGEWATER,NJ,7831,M,Y,29000,1.5419375,0,1500
Yosee,Giradot,925,168-2042,NORTH FORT MYERS,NV,95867,M,N,47000,9.3,0,0
Joon,Magnusson,952,196-1750,LAKEVILLE,MN,55044,S,N,68500,7.85,3300,0
Arjen,Luther,740,103-1193,VINCENT,OH,45784,S,N,39500,1.8572232,1300,0
Ajoy,Stomenovic,620,156-1164,BUCKLIN,KS,67834,M,Y,14500,3.5,0,2250
Igal,Papelis,609,142-1100,HOPEWELL,NJ,8525,S,Y,69500,2.1806562,1000,1500
Okihiko,Graber,254,160-1784,GORMAN,TX,76454,M,Y,51500,0,0,0
Azzam,Battaglia,432,163-2076,CORSICANA,TX,75110,M,N,48000,0,0,0
Utz,Ruthven,317,155-1161,INDIANAPOLIS,IN,46219,S,Y,5000,3.4,1000,1000
Moses,Roantree,682,117-1307,SPRING,TX,77382,M,Y,18000,0,0,0
Weixiong,Cassez,203,190-1566,HARTFORD,CT,6176,S,N,51000,5,12750,0
Ruogu,Clouse,320,172-2012,WELLS-typoALMONT,MN-typoIA,56097,S,Y,9000,5.35,3300,3300
Lambert,Kubiak,603,102-1690,WOLFEBORO,NH,3894,M,N,75500,0,0,0
Bhu,McKinnon,801,164-1350,THOMPSON,UT,84540,M,Y,49000,7,0,2475
Jiajie,Godskesen,618,169-1281,CHICAGO,IL,60623,M,N,34500,3,0,0
Tatsuji,Hsiang,225,143-1096,SHREVEPORT,LA,71106,M,Y,17000,3.44,0,1000
Lubos,Hogge,939,177-1302,SALINAS,PR,751,M,N,78000,0,0,0
Kevan,Berbec,701,189-1356,HORACE,ND,58047,S,N,49500,2.3295264,3300,0
Arnaldo,Waack,256,158-1430,MONTGOMERY,AL,36103,S,Y,98000,5,1500,300
TRUE,Schuster,410,141-1767,ANNAPOLIS,MD,21409,S,Y,73500,4.75,2400,2400
Klas,Asmussen,812,157-1030,ATHENS,IN,46912,M,Y,29000,3.4,0,1000
Caolyn,Eidelson,701,191-1084,WILDROSE,ND,58795,S,Y,10500,2.1,3300,3300
Yinghua,Karuno,203,159-1297,DANBURY,CT,6814,M,Y,12500,5,0,0
Seongtaek,Ettl,973,159-2093,NORTH FORT MYERS,NJ-typoWV,8071,M,N,98500,2.6380105,0,0
Ingrid,Pirenne,706,143-1695,ATLANTA,GA,30354,M,N,71500,6,0,0
Sarmad,Dairaine,540,142-1044,FALLS CHURCH,VA,22043,M,Y,17500,5.75,0,900
Linhui,Vlachantonis,805,128-2045,PRINCETON,CA,95970,M,Y,56000,9.3,0,272
Zhiping,Erva,202,142-2025,WASHINGTON,DC,20431,S,Y,5000,4.5,1370,1370
Hichul,Rosiles,570,150-1888,PALMYRA,PA,17078,M,N,78000,3.07,0,0
Satyamurthy,Maiocchi,901,149-1692,TREZEVANT,TN,38258,M,Y,45500,0,0,0
Reini,Siriboon,605,178-2092,BALTIC,SD,57003,S,Y,57500,0,0,0
Petrisor,Roussille,308,181-1705,RED CLOUD,NE,68970,S,Y,15500,4.886473,103,103
Moiez,Borstler,319,115-1892,LUTHER,IA,50152,S,Y,9000,1.5534958,40,40
Bharadwaj,Latil,228,178-1696,HEIDELBERG,MS,39439,M,Y,88500,5,0,1500
Amit,Nozaki,937,177-1343,TIPPECANOE,OH,44699,M,N,85500,3.3841872,0,0
Marit,Smeets,406,197-1359,ROLLINS,MT,59931,S,Y,12500,6.187931,1900,1900
Youngmok,Bravoco,210,120-1417,LUBBOCK,TX,79415,M,N,75500,0,0,0
Edoardo,Jeris,814,108-1841,ELGIN,PA,16413,S,N,47000,3.07,0,0
Rohini,Sessa,206,155-2034,ROCHESTER,WA,98579,M,N,48500,0,0,0
King,Kaye,435,162-1115,HINCKLEY,UT,84635,M,Y,12000,7,0,2475
Raimond,Manara,202,170-1193,WASHINGTON,DC,20232,M,Y,50500,9,0,1370
Vivienne,Koponen,802,140-1611,WEST PAWLET,VT,5775,S,N,30500,3.6119373,3300,0
Zongyan,Segond,775,126-1421,CARLIN,NV,89822,S,N,61500,0,0,0
Dirk,Ferhatosmanoglu,787,194-1416,MADISON LAKE,PR-typoWV,637,M,Y,70000,0,0,0
Vimla,Herlihy,229,128-1040,COLUMBUS,GA,31906,S,Y,39000,6,2700,3000
Nadir,Marshall,208,146-1305,POCATELLO,ID,83209,M,Y,91500,7.8,0,3300
Zuoquan,Grayson,505,102-2086,CARLSBAD,NM,88220,S,Y,37000,5.3,3300,3300
Kamel,Omicini,947,127-1440,FARMINGTON,MI,48334,M,N,98500,3.9,0,0
Ramachendra,Lidinsky,928,174-1799,CASA GRANDE,AZ,85294,M,Y,48500,3.46675,0,2300
Fong,Culpepper,910,110-1248,ZEBULON,NC,27597,S,Y,54000,6.8653846,3300,3300
Raghunandan,Beetem,606,181-2025,LONDON-typoLA VETA,KY-typoWV,40742,S,Y,94500,6,20,20
Yeonghwan,LeThanh,947,147-1514,TROY,MI,48084,S,N,49000,3.9,3100,0
Kazuyoshi,Khadilkar,801,111-1124,DRAPER,UT,84020,S,Y,95500,7,2475,2475
Didar,Marchok,860,128-1124,DANBURY,CT,6813,S,Y,9500,3,12750,0
Gareth,Sancho,775,119-1600,VERDI,NV,89439,M,N,68500,0,0,0
Tirtza,Rauch,857,154-1600,SPRINGFIELD,MA,1115,S,Y,94500,5.3,3575,1000
Kristof,Abeta,859,149-1779,NEBO,KY,42441,M,Y,80000,6,0,20
Winfried,Motschnig,847,181-2027,POPLAR GROVE,IL,61065,S,Y,55000,3,2000,2000
Guoray,Armand,352,196-1111,EL JOBEAN,FL,33927,M,N,87500,0,0,0
Kimihiro,Asrin,720,181-1050,SAN LUIS,CO,81152,S,Y,22500,4.63,0,0
Michial,Reith,660,154-1358,BRAYMER,MO,64624,M,N,4500,3.46875,0,0
Yeshayahu,Steigerwald,701,100-1997,KARLSRUHE,ND,58744,S,Y,4500,2.1,3300,3300
Sherman,Bardell,907,165-1777,HOPE,AK,99605,S,N,67500,0,0,0
Haidar,Padubidri,504,121-1341,ESTHERWOOD,LA,70534,S,Y,15500,2.96,4500,1000
Eiju,Kranakis,919,103-1644,SPRUCE PINE,NC,28777,M,Y,14000,6.0262237,0,3300
Huai,Mikou,864,123-1003,WARRENVILLE,SC,29851,M,N,15000,7,0,0
Yuguo,Freundschuh,808,185-1694,MAKAWAO,HI,96768,S,N,4000,1.7605263,1040,0
Vilena,Lachiche,918,136-1652,ARNETT,OK,73832,M,Y,41000,6.25,0,1000
Gabriel,Tullis,203,175-1118,OLD SAYBROOK,CT,6475,S,N,83000,5,12750,0
Cornelius,Mercer,480,111-1023,WITTMANN,AZ,85361,M,Y,76500,3.90075,0,2300
Yadran,Banh,270,170-1536,VERSAILLES,KY,40383,M,Y,96500,6,0,20
Makiki,Zonta,971,181-1338,GILCHRIST,OR,97737,M,N,65500,9,0,0
Kahoru,Hoene,307,142-2083,JAY EM,WY,82219,M,Y,13000,0,0,0
Hariolf,Holtman,939,190-1377,SAN JUAN,PR,927,S,Y,44500,0,0,0
Nava,Deswarte,907,108-1922,SHUNGNAK,AK,99773,S,Y,6500,0,0,0
Serdar,Ambroszkiewicz,401,129-1195,BLOCK ISLAND,RI,2807,S,Y,95000,0,0,0
Antoon,Stanger,443,152-1823,BALTIMORE,MD,21206,S,N,72500,4.75,2400,0
Agenor,Arentze,603,150-1531,SOUTH SUTTON,NH,3273,S,N,45500,0,0,0
Hassane,Rosenbohm,802,119-1764,NEWPORT CENTER,VT,5857,S,N,12000,3.6,3300,0
Gholamali,Nawawi,503,157-2088,WALTON,OR,97490,S,N,46500,9,159,0
Amani,Breuleux,208,135-2090,REXBURG,ID,83440,M,N,44500,7.8,0,0
Margaret,Khamare,817,126-1503,DALLAS,TX,75254,M,Y,58500,0,0,0
Behrooz,Feger,775,134-1285,LAS VEGAS,NV,89195,M,Y,4500,0,0,0
Yannik,Stuckle,270,171-1653,GLENS FORK,KY,42741,S,Y,90000,6,20,20
Bhuwan,Sollner,435,104-1927,MANTUA,UT,84324,S,Y,4000,6.573594,2475,2475
Manual,Streng,252,151-1608,SPEED,NC,27881,S,Y,18500,6.1206293,3300,3300
Mayuri,Karner,262,150-1852,NORTH FORT MYERS,NV,54950,S,Y,6000,4.6,700,400
Youpyo,Manchala,773,119-1943,CHICAGO,IL,60669,M,N,41000,3,0,0
Christino,Anick,224,108-1664,TOULON,IL,61483,M,Y,53000,3,0,2000
Igal,Hatakka,719,179-1683,LITTLETON,CO,80127,S,N,16000,4.63,0,0
Talel,Butterworth,843,182-1860,NEWBERRY,SC,29108,M,N,21500,7,0,0
Vasilii,Maginnis,732,155-2060,SPRINGFIELD,NJ,7081,M,N,31500,1.5813645,0,0
Brynjulf,Kapralski,505,107-1559,LAS CRUCES,NM,88013,M,Y,72500,5.3,0,3300
Hideo,Zullighoven,939,136-1955,BAYAMON,PR,959,M,N,6000,0,0,0
Stephan,Jolfaei,270,120-1202,LOUISVILLE,KY,40269,M,N,54500,4.861111,0,0
Heesung,Falla,567,129-1457,BOLIVAR,OH,44612,S,N,95000,3.6995387,1300,0
Aspassia,Milde,402,131-1787,MEAD,NE,68041,M,Y,62500,6.84,0,103
Phaiboon,Lechtenborger,307,110-1316,ALPINE,WY,83128,M,Y,83500,0,0,0
Paklin,Masullo,563,164-1576,HOSPERS,IA,51238,S,Y,1000,0.36,40,40
Anna,Poujol,214,175-1619,MABANK,TX,75147,M,N,96000,0,0,0
Naveena,Temoshenko,952,166-1034,FORBES,MN,55738,S,N,50500,6.9503202,3300,0
Laurie,Kranzdorf,769,144-1377,TIPPO,MS,38962,M,Y,94500,5,0,1500
Pedro,Verelst,419,155-1604,BERGHOLZ,OH,43908,M,Y,62000,2.6041079,0,1300
Shengrui,Torelli,505,110-1254,GILA,NM,88038,S,N,58500,5.3,3300,0
Yasuyuki,Nutt,989,183-2037,CARO,MI,48723,S,Y,33500,3.9,3100,3100
Stasys,Insfran,832,127-1029,DODGE,TX,77334,S,N,73500,0,0,0
Andrei,Kurata,802,174-1820,RUTLAND,VT,5702,M,N,71500,4.4276514,0,0
Kuniaki,Bordawekar,785,145-1904,HERINGTON,KS,67449,S,Y,74000,6.45,2250,2250
Liangchun,Bodoff,505,152-1858,MADISON LAKE,WV,87106,S,N,66000,5.3,3300,0
Moonhang,Reuter,541,132-1104,BRIGHTWOOD,OR,97011,M,Y,21000,9,0,159
Mrinalini,Kesler,207,135-1024,PORTLAND,ME,4123,S,N,34000,8.5,2850,0
Shikharesh,Ravid,802,106-1488,IRASBURG,VT,5845,M,Y,3000,3.6,0,3300
Baoquan,Kantner,308,119-1412,WEEPING WATER,NE,68463,S,Y,58500,6.84,103,103
Aikira,Wadey,402,185-1938,LA VETA,IA,68183,S,Y,23500,6.30722,103,103
Branimir,Motley,917,199-1904,HONEOYE,NY,14471,S,Y,35000,4.1564026,0,1000
Shahadat,Fontan,603,118-1151,BARNSTEAD,NH,3218,S,N,62000,0,0,0
Kehsiung,Tekampe,425,144-1580,EAST WENATCHEE,WA,98802,S,Y,72000,0,0,0
Tanya,Yanagida,603,116-1410,BRADFORD,NH,3221,M,N,88000,0,0,0
Yoshikane,Lapez,865,146-1613,FRANKLIN,TN,37069,S,N,95000,0,0,0
Chacko,Heiken,228,170-1582,BAILEY,MS,39320,S,Y,32500,5,6000,1500
Hirotani,Lenhof,551,186-2084,MONTAGUE,NJ,7827,S,N,54500,1.9440937,1000,0
Viviana,Glinert,269,137-1580,HESSEL,MI,49745,S,N,59000,3.9,3100,0
Takuo,Bien,601,151-1599,TOCCOPOLA,MS,38874,S,Y,38500,5,6000,1500
Vittoria,Emele,479,125-1672,DIERKS,AR,71833,S,N,90500,7,20,0
Atam,Marshall,219,172-1854,ELIZABETH,IN,47117,M,N,78500,3.4,0,0
Kokichi,Wolte,304,149-1230,RUPERT,WV,25984,S,Y,15500,3.385,2000,2000
Ashesh,Koubarakis,912,136-1113,ELLENWOOD,GA,30294,M,N,64000,6,0,0
Joe,Braunmuhl,979,173-1129,ARLINGTON,TX,76005,S,Y,41000,0,0,0
Saliha,Charretton,307,116-1677,RELIANCE,WY,82943,S,N,75500,0,0,0
Mosfeq,Dachille,207,177-1775,NEW VINEYARD,ME,4956,S,Y,57500,8.5,2850,2850
Eser,Daykin,407,180-1582,NAPLES,FL,34105,M,Y,97000,0,0,0
Tatsunori,Ljubodraga,636,158-1418,POPLAR BLUFF,MO,63901,M,N,60500,6,0,0
Darren,Furman,207,151-1780,HEBRON,ME,4238,M,Y,50500,8.5,0,2850
Tokunbo,Pokrovskii,970,128-2017,YAMPA,CO,80483,M,N,51000,4.63,0,0
Atsumi,Schirra,919,180-1266,ENFIELD,NC,27823,M,Y,93500,7.694056,0,3300
Chongjiang,Roure,304,197-1271,UPPER TRACT,WV,26866,M,Y,82000,6.5,0,2000
Nils,Cakic,949,125-1500,MOORPARK,CA,93020,M,N,28000,6.1183887,0,0
Moritoshi,Margenstern,302,106-2075,NEW CASTLE,DE,19721,S,N,69500,5.95,110,0
Beatrix,Dabdub,228,182-1964,NATCHEZ,MS,39121,S,Y,43000,5,6000,1500
LuoQuan,Luzi,504,189-1909,BAKER,LA,70714,M,N,45000,6,0,0
Niklas,Jelasity,623,158-1304,PHOENIX,AZ,85017,S,Y,7500,2.87,2100,2300
Koppolu,Rabejac,808,131-1760,HONOLULU,HI,96817,M,N,33500,7.0782895,0,0
Tatsurou,Lanzo,843,149-1923,PENDLETON,SC,29670,M,N,62000,7,0,0
Yim,Sagalovich,769,161-1544,KILN,MS,39556,S,N,25500,5,6000,0
Sandra,Iacobovici,580,164-1352,BATTIEST,OK,74722,S,N,32000,6.25,1000,0
Yoshihumi,Gentner,225,134-1804,THIBODAUX-typoALMONT,LA-typoWV,70301,M,Y,82000,6,0,1000
Sander,Vanegas,567,143-1645,CANTON,OH,44708,S,N,98500,3.8157206,1300,0
Kimming,Chubarov,502,186-1764,BROOKS,KY,40109,S,Y,50500,4.638889,20,20
Veronik,Kayton,860,120-1381,EAST BERLIN,CT,6023,M,Y,16000,5,0,0
Syed,Crampes,310,152-1005,LIVERMORE,CA,94550,S,N,21500,4.583887,87,0
Hyunseung,Mahapatra,939,144-1454,YABUCOA,PR,767,M,N,1500,0,0,0
Toshi,Feuerman,541,131-1442,WHITE CITY,OR,97503,S,Y,21500,9,159,159
Hanja,Gaposchkin,304,164-1297,RAGLAND,WV,25690,S,N,78500,6.5,2000,0
Jeremy,Ananiadou,757,167-1959,ELLISTON,VA,24087,M,N,78000,5.75,0,0
Samual,Luga,731,162-1923,MOUNTAIN CITY,TN,37683,S,N,11000,0,0,0
Naima,Lubarsky,773,130-2082,BIG ROCK,IL,60511,S,N,98500,3,2000,0
Hanhong,Chengzheng,816,105-1129,ARROW ROCK,MO,65320,S,N,44000,6,2100,0
Ravinder,Velthausz,308,123-1590,ALMONT,NV,68418,M,Y,49000,6.84,0,103
Yiftach,Aikenhead,770,101-1889,CLAYTON,GA,30525,M,Y,60000,6,0,3000
Sandip,Roijakkers,662,176-2069,GREENVILLE,MS,38704,M,N,85000,5,0,0
Marija,Ozeri,301,155-1923,ROCKVILLE,MD,20850,S,Y,68000,4.75,2400,2400
Lorene,Sommer,573,172-1310,CAPLINGER MILLS,MO,65607,M,N,92500,6,0,0
Min,Moshell,410,157-1413,GRASONVILLE,MD,21638,S,N,30500,4.75,2400,0
Aggis,Valkema,207,137-1228,WESTBROOK,ME,4092,M,N,81500,8.5,0,0
Xing,Gyssens,402,119-1612,BELGRADE,NE,68623,S,Y,34500,6.84,103,103
Nicolo,Rothenberg,316,193-2051,OSWEGO,KS,67356,S,Y,14000,3.5,2250,2250
Neda,O'Cinneide,469,189-1915,WEST-typoALMONT,TX-typoGA,76691,S,N,40000,0,0,0
Amante,Luiz,641,162-2090,SPENCER,IA,51301,M,Y,65500,8.98,0,40
Namio,Snedden,919,133-1913,HUBERT,NC,28539,M,N,20500,6.1625876,0,0
Maurizio,Lauchli,402,154-1511,CEDAR CREEK,NE,68016,S,N,67000,6.84,103,0
Satu,Schend,301,142-1226,SILVER SPRING,MD,20908,M,Y,24000,4.75,0,2400
Yinlin,Plumb,312,174-1124,ELDORADO,IL,62930,M,N,67500,3,0,0
Max,Borchering,406,160-1915,DUPUYER,MT,59432,M,Y,90000,6.9,0,1900
Macha,Loyola,605,171-1386,HOT SPRINGS,SD,57747,S,N,9500,0,0,0
Zohel,Ratto,662,110-1706,STONEWALL,MS,39363,S,Y,49500,5,6000,1500
Vera,Musinski,208,150-1582,LEADORE,ID,83464,S,Y,49000,7.8,3300,3300
Luciano,Guggino,309,146-1703,PENFIELD,IL,61862,M,Y,100000,3,0,2000
Sharolyn,Whitener,406,187-1319,PARK CITY,MT,59063,S,N,79000,6.9,1900,0
Kattamuri,Whitcomb,240,169-1422,DAMASCUS,MD,20872,S,Y,13500,4.75,2400,2400
Germano,Giannotti,808,199-1691,NORTH FORT MYERS,WV,96898,M,Y,48500,8.25,0,1040
Brahm,Bilardi,352,115-1467,BOCA RATON,FL,33497,M,N,6000,0,0,0
Saburo,Taft,330,191-1802,GREENWICH,OH,44837,S,N,21000,1.243118,1300,0
Bethina,Bhuyan,765,111-1353,EVANSVILLE,IN,47740,S,N,95500,3.4,1000,0
Derrick,Kohli,434,113-1868,LYNCHBURG,VA,24503,S,N,67000,5.75,900,0
Uday,Lefering,787,170-1699,SAN LORENZO,PR,754,S,Y,53000,0,0,0
Boonsieng,Kropf,320,170-2084,GHENT,MN,56239,M,Y,53000,7.0837245,0,3300
Katalin,Ryslinkova,870,174-1359,CASA,AR,72025,S,Y,10500,2.6973825,20,20
Marek,Marriott,816,174-1431,SILVA,MO,63964,M,N,42000,6,0,0
Kien,Weatherford,206,184-1766,CARLTON,WA,98814,M,N,96000,0,0,0
Noushin,Rine,574,162-1616,MODOC,IN,47358,M,Y,93500,3.4,0,1000
Waldo,Mahalingam,281,118-1226,OILTON,TX,78371,M,Y,51000,0,0,0
Niclas,Samaras,757,175-1030,RICHMOND,VA,23291,S,N,40500,5.75,900,0
Wakunaga,Norrish,847,134-1399,AMBOY,IL,61310,M,N,41500,3,0,0
Harjinder,Peckham,802,188-2060,RANDOLPH,VT,5060,M,Y,27500,3.6,0,3300
PeiZong,Anjum,505,175-1061,GUADALUPITA,NM,87722,M,Y,82500,5.3,0,3300
Raimundo,Peek,281,119-1996,PEARLAND,TX,77588,M,Y,48500,0,0,0
Jaechun,Linzer,712,147-2020,KIRKMAN,IA,51447,M,Y,36000,5.7216997,0,40
Luciano,Hodil,769,198-1609,WAVELAND,MS,39576,S,N,54000,5,6000,0
Midori,Teitelbaum,518,109-1803,ATHOL,NY,12810,M,Y,24000,4.092683,0,1000
Harvey,Rousu,580,136-1803,HEAVENER,OK,74937,S,N,51000,6.25,1000,0
Henryk,Vilot,307,113-1280,VAN TASSELL,WY,82242,S,N,57500,0,0,0
Winky,Merhav,412,136-2051,GIFFORD,PA,16732,S,N,57000,3.07,0,0
Toong,Ulery,701,120-1434,SARLES,ND,58372,S,N,87500,2.770032,3300,0
Jurij,Gaitonde,406,184-1491,ROUNDUP,MT,59073,M,Y,39500,6.9,0,1900
Haiko,Dehdashti,848,164-1081,MINOTOLA,NJ,8341,S,N,27000,1.5103958,1000,0
Leliane,Hallman,256,152-1360,MOBILE,AL,36688,S,Y,61500,5,1500,300
Indrajit,Dayana,203,120-1025,SALISBURY-typoHARTMAN,NV,6068,M,Y,54500,5,0,0
Masayo,Lehoczky,702,176-1576,LAS VEGAS,NV,89102,M,N,58000,0,0,0
Miron,Backes,860,193-1473,SOUTH WILLINGTON,CT,6265,S,N,23500,5,12750,0
Nevin,Sarocky,201,196-1512,PITTSTOWN,NJ,8867,S,Y,41500,1.7390729,1000,1500
Angotti,XueDong,603,140-1885,KEENE,NH,3435,M,N,50000,0,0,0
Anca,Hjrschheimi,304,124-1619,CAROLINA,WV,26563,S,N,83000,6.5,2000,0
Fehmina,Kornyak,720,142-1004,COLORADO SPRINGS,CO,80947,S,Y,12500,4.63,0,0
Tetsutaro,Hinsberger,901,194-1131,JOHNSON CITY,TN,37615,S,N,31500,0,0,0
Parosh,Chickermane,816,155-1301,GRANDVIEW,MO,64030,S,N,69000,6,2100,0
Joacheim,Haworth,417,135-2059,COOTER-typoLA VETA,MO-typoWV,63839,S,N,88000,6,2100,0
Margaretha,Conry,303,119-1357,CONIFER,CO,80433,S,Y,73500,4.63,0,0
Cuneyt,Brazell,202,172-1900,WASHINGTON,DC,20024,M,Y,89500,9,0,1370
Tarek,Tascini,443,192-1787,BRUNSWICK,MD,21716,S,Y,23000,4.75,2400,2400
Vamsee,Bars,850,148-1407,NAPLES,FL,34109,M,Y,39000,0,0,0
Bastiaan,Dresler,202,171-1991,WASHINGTON,DC,20045,S,Y,96500,9,1370,1370
Pohua,Rice,313,133-1954,BRETHREN,MI,49619,S,Y,93000,3.9,3100,3100
Ilaria,Iwadare,308,174-1091,NAPONEE,NE,68960,S,N,42000,6.84,103,0
Sanford,Galtieli,206,136-1860,SPOKANE,WA,99202,M,N,100000,0,0,0
Abdelaziz,Evard,301,128-1818,HUNT VALLEY-typoMADISON LAKE,IA,21065,M,Y,96000,4.75,0,2400
Berardina,Nonnengart,302,183-1255,WILMINGTON,DE,19887,M,N,21000,3.290909,0,0
Marita,Mathieson,937,163-1250,BROOKVILLE,OH,45309,M,Y,5000,0.712,0,1300
Kerttu,Burroughs,478,190-1116,MOLENA,GA,30258,M,Y,76500,6,0,3000
Ivo,Bui,586,168-1278,SANFORD,MI,48657,S,N,56500,3.9,3100,0
Jared,Mavaddat,802,159-1737,BRATTLEBORO,VT,5303,S,N,34000,3.6815712,3300,0
Tung,Greer,731,153-1045,KNOXVILLE,TN,37938,M,Y,79500,0,0,0
Gabriela,Schmiedel,207,186-1321,BANGOR,ME,4402,M,N,19500,8.5,0,0
Karlis,Lambe,920,189-1668,HARSHAW,WI,54529,S,Y,57500,5.445474,700,400
Tapio,Mersereau,308,137-2002,NELIGH,NE,68756,M,Y,26500,6.84,0,103
Kouamana,Yagawa,505,163-1342,PONDEROSA,NM,87044,M,Y,29500,5.3,0,3300
Wesley,Kabuka,712,156-1602,STOCKPORT,IA,52651,S,Y,14000,2.3253853,40,40
Arendse,Phalke,319,171-1257,BOUTON,IA,50039,S,Y,11000,1.8622515,40,40
Javier,Schupeta,561,192-1795,MIDWAY,FL,32343,M,Y,58000,0,0,0
Noga,Cappello,406,172-1046,BASIN,MT,59631,S,Y,55000,6.9,1900,1900
Chinhyun,Rehm,503,104-1766,LA VETA,WV,97304,S,N,94500,9,159,0
Anant,Karszt,970,165-1303,DENVER,CO,80232,M,N,67500,4.63,0,0
Abhaya,Kallman,906,161-1669,MUSKEGON,MI,49444,M,N,41500,3.9,0,0
Subhakar,Chandna,406,118-1844,FORT SHAW,MT,59443,M,Y,88000,6.9,0,1900
Antoni,Machta,509,116-1509,OLYMPIA,WA,98501,S,Y,37500,0,0,0
Thad,Trung,407,160-1095,LAKE WORTH,FL,33467,S,Y,84000,0,0,0
Shore,Recce,262,143-1605,MARINETTE,WI,54143,S,N,49500,5.3064733,700,0
Viswanath,Moorman,720,107-1510,HOLYOKE,CO,80734,M,Y,81000,4.63,0,0
Mizuko,Babinski,301,136-1458,BALTIMORE,MD,21289,S,N,77500,4.75,2400,0
Wijnand,Raan,240,193-1764,SILVER SPRING,MD,20916,M,N,59500,4.75,0,0
Jereon,Kuikka,208,102-1040,NAMPA,ID,83652,M,N,10000,4.109693,0,0
Parimal,Autexier,308,179-1430,WEEPING WATER,NE,68463,S,Y,66000,6.84,103,103
Angelo,Goswami,301,136-1083,TAKOMA PARK,MD,20913,S,N,42000,4.75,2400,0
Juliet,Rahola,603,143-1940,DOVER,NH,3821,M,N,54000,0,0,0
Ward,Deswarte,860,178-1547,WATERBURY,CT,6724,S,Y,85000,5,12750,0
Sungdo,Latil,505,114-1363,CONCHAS DAM,NM,88416,M,N,93000,5.3,0,0
Diomidis,Clouatre,225,192-1879,SULPHUR,LA,70665,M,N,98000,6,0,0
Changfeng,Sakurai,334,167-1260,CLANTON,AL,35046,M,N,2500,4.4,0,0
Ismaeil,Zinovjev,907,132-1747,SAVOONGA,AK,99769,S,Y,89500,0,0,0
Kyung,Coroyer,808,189-1629,PEPEEKEO,HI,96783,S,Y,56000,8.25,1040,1040
Mitsutoshi,Mikov,208,172-1926,GREENLEAF,ID,83626,S,N,10500,4.251628,3300,0
Ushio,Wechsung,901,118-1437,GRAND JUNCTION,TN,38039,S,Y,74000,0,0,0
Umest,Poor,952,156-1247,MAPLE PLAIN,MN,55571,S,N,68500,7.85,3300,0
Ido,Tayara,928,176-1332,QUEEN CREEK,AZ,85243,S,Y,21500,3.04825,2100,2300
Yoshiko,Vinck,706,187-1186,RISING FAWN,GA,30738,M,N,63000,6,0,0
IlYoung,Gien,769,155-1636,COILA,MS,38923,M,Y,72000,5,0,1500
Nevzat,Niccum,406,180-1335,WYOLA,MT,59089,M,N,37500,6.9,0,0
Wanda,Sadowsky,207,110-1854,HARRISON,ME,4040,S,N,27500,8.5,2850,0
Franklin,Letelier,318,106-1906,MOUNT AIRY,LA,70076,M,Y,8500,2,0,1000
Maynard,Summers,479,147-1192,HACKETT,AR,72937,M,Y,26000,6.4024143,0,20
Sudha,Pletat,931,179-1787,WINCHESTER,TN,37398,M,Y,90000,0,0,0
Alyson,Rivest,614,132-1088,CLEVELAND,OH,44128,M,Y,77000,3.1020308,0,1300
Xiaohu,Verhofstadt,302,136-1502,WILMINGTON,DE,19887,S,N,59500,5.915909,110,0
Minghong,Grivas,843,161-2013,CHARLESTON,SC,29414,S,N,27500,7,3300,0
Choonsik,Watanabe,270,155-1613,LEJUNIOR,KY,40849,M,N,21500,3.0277777,0,0
Jaffa,Gazzotti,757,152-1339,ROCHELLE,VA,22738,M,Y,45000,5.75,0,900
Beng,Yamashita,307,191-1712,ARMINTO,WY,82630,S,Y,88500,0,0,0
Jingwen,Hofman,406,109-1066,WHITE SULPHUR SPRINGS,MT,59645,S,N,35000,6.9,1900,0
Gugjon,Knightly,605,153-1372,LEAD,SD,57754,S,N,80000,0,0,0
Andres,Elwasif,269,166-1814,LA VETA,MI-typoWV,48422,S,N,79500,3.9,3100,0
Rachida,Charoenkitkarn,410,135-2012,SWANTON,MD,21561,S,Y,83000,4.75,2400,2400
Filomena,Dondis,623,151-1222,GILBERT,AZ,85296,M,N,83500,4.0092497,0,0
Insup,Murty,808,196-1597,HONOLULU,HI,96811,M,Y,79500,8.25,0,1040
Jovisa,Dan,240,171-1740,SILVER SPRING,MD,20911,S,Y,85000,4.75,2400,2400
Yoshimitsu,Tidwell,252,155-1463,HARTMAN,IA,28717,M,Y,67500,7.1486015,0,3300
Moses,Loganantharaj,785,105-1674,KANSAS CITY,KS,66117,M,Y,17000,3.8933334,0,2250
Rumjana,Willamowski,602,120-1047,PHOENIX,AZ,85073,S,Y,5500,2.87,2100,2300
Subarna,Rand,434,117-1066,RICHMOND,VA,23279,S,N,39500,5.75,900,0
Jongmoo,Taubman,605,187-1762,VEBLEN,SD,57270,M,N,11000,0,0,0
Mao,Cullers,307,109-1896,TIE SIDING,WY,82084,M,N,78500,0,0,0
Augustin,Heijne,304,173-2096,BOOMER,WV,25031,M,Y,80000,6.5,0,2000
Jimmie,Buskens,901,196-1920,INDIAN MOUND,TN,37079,S,N,81000,0,0,0
Yennun,Trammell,623,150-1000,CHANDLER,AZ,85249,M,Y,97500,4.2262497,0,2300
Tohgoroh,Gerards,808,110-1799,J B P H H,HI,96860,S,Y,27000,5.906579,1040,1040
Dingchao,Carballo,267,191-1251,BAUSMAN,PA,17504,M,N,31000,3.07,0,0
Keqin,Purdin,787,113-2061,PONCE,PR,716,S,N,66000,0,0,0
Jirun,Clares,603,121-1767,DOVER,NH,3820,M,Y,86500,0,0,0
Garry,Naccache,302,123-1471,LAUREL,DE,19956,M,Y,48500,5.165909,0,110
Shooying,Palaniappan,859,135-1748,DANVILLE,KY,40423,S,N,95500,6,20,0
Farooq,Widjojo,808,194-1605,LAHAINA,HI,96767,S,Y,44000,8.25,1040,1040
Naixun,Giaretta,425,192-1355,EAST OLYMPIA,WA,98540,S,Y,6500,0,0,0
Ellen,Funkhouser,970,150-1642,CONIFER,CO,80433,S,N,75500,4.63,0,0
Mun,Munster,650,128-1470,FOUNTAIN VALLEY,CA,92708,S,N,53000,9.3,87,0
Noriyuki,Willinger,304,182-1676,NORTH SPRING,WV,24869,S,Y,39000,5.0299997,2000,2000
Sachio,Szyerski,606,186-1944,MADISON LAKE,CT,40144,M,N,58500,5.083333,0,0
Hanene,Hodas,313,105-1352,COPPER CITY-typoMADISON LAKE,NV,49917,M,Y,98000,3.9,0,3100
Padhraic,Heering,701,116-1381,WHEATLAND,ND,58079,S,Y,84000,2.729459,3300,3300
Lode,Varwig,520,198-1891,OATMAN,AZ,86433,M,N,5500,2.87,0,0
Senol,Swartwout,603,137-1123,TEMPLE,NH,3084,S,Y,13500,0,0,0
Rondall,Nergos,401,183-1508,ADAMSVILLE,RI,2801,M,Y,10500,0,0,0
Anno,Mutka,832,111-1227,WARREN,TX,77664,S,Y,55500,0,0,0
Dimitris,Rosenblad,787,171-1958,VIEQUES,PR,765,M,Y,44500,0,0,0
Tedd,Eidelson,515,105-1170,AMANA,IA,52203,M,Y,97500,8.98,0,40
Eirik,Elgood,702,120-1334,LAS VEGAS,NV,89169,S,Y,52500,0,0,0
Hiyan,Halfin,603,119-1627,NEW DURHAM,NH,3855,S,N,99000,0,0,0
Philipp,Bajoga,505,155-1500,NORTH FORT MYERS,NM-typoNV,87364,M,N,69000,5.3,0,0
Kai,Corsini,402,133-1368,ANGORA,NE,69331,M,N,30000,6.84,0,0
Kaylan,Angot,617,173-1484,NORTH HATFIELD,MA,1066,M,Y,10500,5.3,0,1000
Sudhakar,Speer,701,163-1720,MAIDA,ND,58255,S,Y,31000,2.1150699,3300,3300
Naoya,Takiguchi,808,107-1314,LAHAINA,HI,96761,S,N,95000,8.25,1040,0
Maithili,Gloy,716,196-1900,SPRINGFIELD CENTER,NY,13468,M,Y,62500,4.315701,0,1000
Eberhardt,Breuker,603,177-2073,PORTSMOUTH,NH,3803,M,Y,1500,0,0,0
Lakshman,Spicer,847,195-1052,SHELDON,IL,60966,S,N,90500,3,2000,0
Iztok,Reeken,318,144-2057,HARTMAN,LA-typoIA,71033,M,Y,94000,6,0,1000
Nia,Ezeife,308,194-1734,SAINT EDWARD,NE,68660,M,Y,84500,6.84,0,103
Jaijeet,L'Ecuyer,303,165-1402,COLORADO SPRINGS,CO,80933,S,Y,12000,4.63,0,0
Slava,Comte,865,171-1066,KODAK,TN,37764,S,Y,35000,0,0,0
Kazumitsu,Bojadziev,602,191-1567,LEUPP,AZ,86035,S,N,46000,3.428,2100,0
Jagoda,Hepplewhite,918,134-1689,FLETCHER,OK,73541,S,N,43000,6.25,1000,0
Kazumasa,Dangelo,315,150-1736,CAYUTA,NY,14824,S,Y,17000,4.052134,0,1000
Courtland,Smiraglia,201,161-1304,JERSEY CITY,NJ,7302,S,N,61000,2.0466042,1000,0
Jieh,Streng,907,164-1202,MC GRATH,AK,99627,M,Y,30500,0,0,0
Ilyong,Mayrand,503,141-1015,NORTH BEND,OR,97459,S,Y,61500,9,159,159
Maeve,Bertelsen,478,140-1261,ATLANTA,GA,31120,M,Y,13500,6,0,3000
Muralidhara,Brizzi,307,199-1616,RIVERTON,WY,82501,M,Y,55000,0,0,0
Kunimasa,Litzler,865,157-1820,NASHVILLE,TN,37234,S,N,96000,0,0,0
Yanghee,Cheriton,319,171-1014,VAN WERT,IA,50262,S,N,85000,8.98,40,0
Ferroudja,Loganantharaj,706,175-2007,ALMONT,WV,30288,M,N,33500,6,0,0
Fujiichi,Pries,423,168-1268,SLAYDEN,TN,37165,S,Y,7000,0,0,0
Giridharan,Kahn,401,114-1140,PAWTUCKET,RI,2862,M,Y,5000,0,0,0
Vaggelis,Sylla,701,116-2032,TOWNER,ND,58788,S,Y,9500,2.1,3300,3300
Gugjon,Baak,303,169-1783,LOUVIERS,CO,80131,S,N,96500,4.63,0,0
Levis,Roucairol,207,135-1190,PEMAQUID,ME,4558,S,N,46000,8.5,2850,0
Hilan,Tiskin,719,148-1017,VAIL,CO,81658,S,Y,29500,4.63,0,0
Hongguang,Cox,918,198-1495,RATTAN,OK,74562,M,N,33000,6.25,0,0
Idit,Rath,802,183-1962,WESTMINSTER,VT,5158,M,Y,26000,3.6,0,3300
Isaac,Grapa,308,165-1925,HAZARD,NE,68844,S,Y,76000,6.84,103,103
Haruaki,Bignone,406,146-1860,BLACK EAGLE,MT,59414,S,N,54500,6.9,1900,0
Devina,Erde,980,152-1298,TEACHEY,NC,28464,M,Y,85000,7.515734,0,3300
Chunhong,Garidis,202,132-1129,WASHINGTON,DC,20217,S,N,1500,4.5,1370,0
Siwoo,Haberlandt,909,154-1603,LANCASTER,CA,93536,M,N,9000,1.6329229,0,0
Herman,Poupard,337,165-1394,SHREVEPORT,LA,71115,M,N,88500,6,0,0
Ricardo,Musikaev,262,168-1556,HANNIBAL-typoALMONT,WI-typoGA,54439,S,N,68500,5.636601,700,0
Peihuang,Langlais,419,104-1619,TOLEDO,OH,43614,M,N,65000,2.7036924,0,0
Dorota,Ballarin,936,117-1658,VAN VLECK,TX,77482,M,N,93500,0,0,0
Rongdong,Reutenauer,219,183-1797,DANA,IN,47847,M,N,28000,3.4,0,0
Bedabrata,Rotics,317,128-2019,BENNINGTON,IN,47011,M,N,59000,3.4,0,0
Lingtao,Olken,304,121-1836,ECKMAN,WV,24829,M,N,71000,6.5,0,0
Genki,Holtman,602,191-1621,PHOENIX-typoNORTH FORT MYERS,WV,85086,S,N,96000,4.203,2100,0
Rumjana,Carrico,405,156-1345,WAGONER,OK,74467,S,N,6000,3.6944447,1000,0
Shiho,Morreau,765,178-1545,PLAINFIELD,IN,46168,M,Y,61500,3.4,0,1000
Yoshiko,Minot,720,130-1649,NIWOT,CO,80544,S,N,70000,4.63,0,0
Tuomo,Waterman,603,125-1075,ALSTEAD,NH,3602,S,Y,68000,0,0,0
Goff,Mitsuhashi,775,181-1381,SPARKS,NV,89436,M,N,69000,0,0,0
Jie,Franaszczuk,401,128-1369,LINCOLN,RI,2865,M,Y,41500,0,0,0
Egor,Lothe,209,146-1943,PALMDALE,CA,93551,S,Y,93500,9.3,87,272
Asim,Ruckebusch,503,199-1651,DEPOE BAY,OR,97341,S,N,36000,9,159,0
Ebru,Pragasky,724,189-1041,REVLOC,PA,15948,M,N,34000,3.07,0,0
Hayo,Suwa,417,108-1927,MILFORD,MO,64766,S,Y,18500,6,2100,1200
Valentina,Weedman,207,147-1202,GREENVILLE,ME,4441,S,Y,8000,3.6368613,2850,2850
Agigdor,Holburn,650,118-1071,SAN LUIS OBISPO,CA,93403,M,Y,14000,2.8133085,0,272
Aloysius,Wilm,913,124-1255,TOPEKA,KS,66621,S,Y,83000,6.45,2250,2250
Kahlil,Pequeno,970,169-1548,LINDON,CO,80740,M,Y,71500,4.63,0,0
Hava,Risi,402,183-1099,MITCHELL,NE,69357,M,N,83500,6.84,0,0
Mirit,Farsi,939,163-1063,ANGELES,PR,611,S,N,94500,0,0,0
Yoshikazu,Doddapaneni,541,194-1968,MADISON LAKE,WV,97242,S,N,4500,6.897436,159,0
Hitomi,Purna,435,182-1497,KANOSH,UT,84637,S,N,60000,7,2475,0
Ayodele,Wigderson,801,177-1768,CEDAR CITY,UT,84720,S,Y,91000,7,2475,2475
Saurab,Luther,307,101-2042,LARAMIE,WY,82070,S,N,68000,0,0,0
Luiza,Pinkal,787,106-2086,SAN JUAN,PR,906,S,Y,64000,0,0,0
Debabrata,Krzyzanowski,401,102-1694,SMITHFIELD,RI,2917,M,Y,49000,0,0,0
Yanxiang,Castanedo,765,158-1666,INDIANAPOLIS,IN,46298,M,Y,77500,3.4,0,1000
Manrique,Karavelas,641,101-1434,IRWIN,IA,51446,M,N,62500,8.98,0,0
Yang,Bergen,620,111-1257,SCOTT CITY-typoALMONT,KS-typoNV,67871,S,Y,95000,6.45,2250,2250
Binto,Zettel,802,173-1298,FAIRFIELD,VT,5455,M,N,69000,4.3779125,0,0
Rolando,Hoogendoorn,302,116-1467,WILMINGTON,DE,19897,S,Y,94500,5.95,110,110
Chunming,Sartori,240,172-1340,JESSUP,MD,20794,S,N,57500,4.75,2400,0
Bojan,Cuadrado,503,176-1006,BLUE RIVER,OR,97413,S,Y,38500,9,159,159
Vinnakota,Cardazo,307,197-1684,BANNER,WY,82832,S,Y,83000,0,0,0
Theresa,Speyerer,208,197-2077,NEZPERCE,ID,83543,S,Y,70500,7.8,3300,3300
Muli,Ruffo,305,120-1483,CRAWFORDVILLE,FL,32327,M,N,55000,0,0,0
Bill,Heintz,641,156-1215,SLOAN,IA,51055,M,Y,75000,8.98,0,40
Nayyer,Bregier,205,138-1995,LILLIAN,AL,36549,S,N,67000,5,1500,0
Phule,Parikh,786,166-1762,SAINT PETERSBURG,FL,33704,S,N,32000,0,0,0
Jagdish,Kruiskamp,224,116-1656,COWDEN-typoHARTMAN,CT,62422,M,N,45500,3,0,0
Deoraj,Meyke,207,199-1286,KITTERY,ME,3904,S,N,89500,8.5,2850,0
Shivi,Magnier,202,118-2072,WASHINGTON,DC,20035,M,N,27000,8.325,0,0
Osher,Groeneboer,318,143-1750,KENNER,LA,70062,M,Y,16000,3.12,0,1000
Daphna,Bodlaender,510,137-1055,ALMONT,IA,95618,M,Y,26500,5.7642727,0,272
Tetsuhiko,McQuire,518,172-1333,MIDDLEBURGH-typoMADISON LAKE,GA,12122,S,Y,51500,4.2519817,0,1000
Noushin,Betz,303,137-1771,WOODROW,CO,80757,M,N,35500,4.63,0,0
Eytan,Liggesmeyer,430,138-1511,MC CAMEY,TX,79752,S,N,55500,0,0,0
Weijing,Suorsa,402,129-1771,KEARNEY,NE,68849,S,N,69000,6.84,103,0
Giuliano,Laohapipattana,205,124-1705,CLAYTON,AL,36016,S,Y,22000,5,1500,300
Bennett,Reghabi,781,143-1618,GRANVILLE,MA,1034,M,N,54500,5.3,0,0
Zizette,Osteen,317,116-1647,MILLERSBURG,IN,46543,S,Y,54500,3.4,1000,1000
Midori,Diepold,240,183-2031,GREENSBORO,MD,21639,S,N,92500,4.75,2400,0
Hengming,Pelecq,202,191-1480,WASHINGTON,DC,20533,S,N,38000,9,1370,0
Afzal,Gajiwala,605,154-1322,WALLACE,SD,57272,M,N,34500,0,0,0
Thuy,Sporl,301,168-1182,BALTIMORE-typoHARTMAN,IA,21261,S,N,6000,4.75,2400,0
Geetha,Kroha,435,195-1738,SANDY,UT,84070,M,Y,69500,7,0,2475
Nectaria,Shephard,719,192-1124,GRAND LAKE,CO,80447,M,N,78500,4.63,0,0
Rollins,Hodil,316,157-1997,COLWICH,KS,67030,S,N,35500,6.45,2250,0
Jaume,Crowther,808,126-1774,MOUNTAIN VIEW,HI,96771,S,N,60500,8.25,1040,0
Celia,Dayang,910,189-1128,STOKES,NC,27884,M,N,43500,6.645105,0,0
Tracey,Vetland,605,131-1406,IPSWICH,SD,57451,S,Y,8500,0,0,0
Hongbing,Ionescu,406,152-1593,ISMAY,MT,59336,S,Y,86500,6.9,1900,1900
Shizuo,Kaki,573,173-1213,UTICA,MO,64686,S,Y,76500,6,2100,1200
Elliot,Velasevic,870,102-1267,HAZEN,AR,72064,S,N,83500,7,20,0
Paicheng,Bordogna,304,140-1360,ISABAN,WV,24846,S,N,55500,6.1850004,2000,0
Jef,Kwatra,803,105-1356,HILTON HEAD ISLAND,SC,29926,M,Y,65000,7,0,3300
Kumiyo,Prodrodmidis,715,196-1884,MONROE-typoNORTH FORT MYERS,NV,53566,S,Y,43000,5.193535,700,400
Kousha,Leverett,971,187-1260,VALE,OR,97918,S,N,22000,9,159,0
Stefano,Degtyarev,701,138-1162,BEULAH,ND,58523,S,Y,52500,2.364303,3300,3300
Kenta,Luger,203,191-1699,NEW BRITAIN,CT,6052,S,Y,21000,5,12750,0
Kohei,Hatcher,828,197-1403,BADIN,NC,28009,S,Y,50500,6.791958,3300,3300
Uming,Potorti,715,103-1848,PLAIN,WI,53577,S,Y,78500,5.8103523,700,400
Jie,Miksik,253,123-1270,BAY CENTER,WA,98527,M,Y,35500,0,0,0
Akemi,Tontiwachwuthikul,910,175-1123,CHARLOTTE,NC,28211,M,N,1500,6,0,0
Iraj,Naslund,920,193-1173,EMBARRASS,WI,54933,M,Y,56500,5.428099,0,400
Tinku,Galbavy,509,185-2046,CHEHALIS,WA,98532,S,Y,86000,0,0,0
Masakazu,Krupka,862,165-1869,TRENTON,NJ,8690,S,Y,57500,1.9914062,1000,1500
Byong,Pelz,970,197-1230,SAN LUIS,CO,81152,M,N,4500,4.63,0,0
Gianpaolo,Sebastio,301,156-1934,ROCKVILLE,MD,20849,S,N,38500,4.75,2400,0
Jihie,Lally,802,163-2013,BARNET,VT,5821,M,Y,71000,4.4177036,0,3300
Chengfeng,Xiaowen,509,114-1397,COWICHE,WA,98923,S,N,76000,0,0,0
Rosli,Piloty,562,148-1462,BIG PINE,CA,93513,M,Y,25000,5.410157,0,272
Krste,Bearman,719,144-1050,DENVER,CO,80238,S,Y,16000,4.63,0,0
Bryant,Whang,267,135-1375,HAZLETON,PA,18202,S,Y,69000,3.07,0,0
Moon,Noro,302,158-1742,MILTON,DE,19968,M,N,94500,5.95,0,0
Jyrki,Akiyama,720,136-1320,DENVER,CO,80238,S,Y,39000,4.63,0,0
Yibin,Tamm,352,140-1935,BOYNTON BEACH,FL,33472,M,Y,68500,0,0,0
Martins,Kriebel,781,128-1605,SHELDONVILLE,MA,2070,S,N,29000,5.3,3575,0
Freeman,Grunsky,410,134-1511,ALMONT,GA,20918,S,N,25500,4.75,2400,0
Alfonso,Quinqueton,580,148-1844,PANAMA,OK,74951,S,Y,99000,6.25,1000,1000
Madeline,Lanet,939,113-1106,SAN JUAN,PR,936,S,N,15000,0,0,0
Shaoying,Rifa,702,132-1204,CRESCENT VALLEY,NV,89821,S,N,79000,0,0,0
Joey,Srivastava,225,105-2066,LEESVILLE,LA,71446,S,Y,54500,6,4500,1000
Xiaomin,Bensaou,605,159-1489,MANDERSON,SD,57756,S,N,37000,0,0,0
Subarna,Talwar,603,136-1113,CENTER BARNSTEAD,NH,3225,M,N,73500,0,0,0
Kentaru,Mottet,605,144-1312,LAKE CITY,SD,57247,S,N,29500,0,0,0
Keven,Bauget,256,147-1671,MARBURY,AL,36051,S,N,1000,2.6,1500,0
Seshashayee,Chevalier,769,120-1160,TUTWILER,MS,38963,S,Y,85000,5,6000,1500
Charalampos,Bruni,484,156-1412,CHINCHILLA,PA,18410,M,Y,12500,3.07,0,0
Henke,Dave,213,128-1034,LOS ANGELES,CA,90083,S,N,67500,9.3,87,0
Raquel,Benkahla,603,145-2061,ACWORTH-typoHARTMAN,IA,3601,M,N,32000,0,0,0
Kyung,Klimesch,302,144-1906,HARRINGTON,DE,19952,M,Y,24000,3.4954545,0,110
Motoei,DasSarma,641,122-1445,CLINTON,IA,52733,S,N,55000,8.65488,40,0
Syuichi,Senouci,302,195-1298,NEWARK,DE,19718,S,Y,10500,2.575,110,110
Gail,Jostes,816,160-1902,ARMSTRONG-typoALMONT,MO-typoMI,65230,S,Y,57000,6,2100,1200
Changsheng,Dillet,907,171-1610,BARROW,AK,99723,S,N,35000,0,0,0
Xiaoxin,Baransky,843,144-1772,FINGERVILLE-typoALMONT,SC-typoMI,29338,S,Y,68000,7,3300,3300
Hairong,Camurati,308,132-1418,OMAHA,NE,68116,M,N,79500,6.84,0,0
Elwyn,Plantinga,970,148-1100,POWDERHORN,CO,81243,M,N,43500,4.63,0,0
Asit,Phoa,870,172-1024,STEPHENS,AR,71764,M,Y,18500,4.609657,0,20
Jianxi,Kossowski,769,187-1326,BELZONI,MS,39038,M,N,56500,5,0,0
Matteo,Lecordix,614,166-1865,CINCINNATI,OH,45273,S,Y,60500,2.5543156,1300,1300
Prabuddha,Marchok,620,171-1845,LAKIN,KS,67860,S,N,74500,6.45,2250,0
Irini,Arroyo,208,172-1161,ARIMO,ID,83214,M,N,43000,7.8,0,0
Benno,Sherrell,701,139-2046,WAHPETON,ND,58074,S,Y,41500,2.2367885,3300,3300
Nikolaus,Kesselman,724,144-1209,HADLEY,PA,16130,M,Y,96000,3.07,0,0
Dimitrios,Saward,208,100-1566,VICTOR,ID,83455,S,N,36000,7.8,3300,0
Yashodara,Junker,308,198-1849,SAINT LIBORY,NE,68872,S,Y,97500,6.84,103,103
Sajid,Blom,325,154-1513,FORSAN,TX,79733,M,N,64000,0,0,0
Sekhar,Sabadini,317,163-1540,ROLLING PRAIRIE-typoLA VETA,WV,46371,S,N,18000,3.4,1000,0
Reidar,Loewenstein,501,100-1887,CHEROKEE VILLAGE,AR,72525,M,N,50500,7,0,0
Yakov,Slosberg,908,146-1076,ATLANTIC CITY,NJ,8404,M,Y,49000,1.8573542,0,1500
Tanja,Trenkov,516,145-1021,CENTERVILLE,NY,14029,M,N,36500,4.1650915,0,0
Ovidiu,Chaturvedi,478,104-1652,JESUP,GA,31599,M,Y,95000,6,0,3000
Najmi,Lakoumentas,405,171-1641,POCOLA,OK,74902,S,N,28000,6.25,1000,0
Moonwook,Zonno,914,115-1730,BRONX,NY,10461,M,N,13500,4.03186,0,0
Michelle,Marletta,304,121-2087,INSTITUTE,WV,25112,M,N,28500,4.295,0,0
Trudi,Bearman,339,195-1117,WORCESTER,MA,1604,S,Y,16500,5.3,3575,1000
Kuchibhotla,Schiefer,702,134-1899,RENO,NV,89515,M,N,12000,0,0,0
Tua,Symes,661,152-1158,PACIFIC GROVE,CA,93950,S,Y,69000,9.3,87,272
Prabhaker,Rubsam,870,161-1132,CRAWFORDSVILLE,AR,72327,M,N,72000,7,0,0
Tejo,Scarborough,203,119-1543,BOTSFORD,CT,6404,M,N,75000,5,0,0
Manuela,Chander,636,111-1647,CLARKTON,MO,63837,S,N,28500,6,2100,0
Balkrishna,Affane,320,156-1919,ADOLPH,MN,55701,S,N,77500,7.85,3300,0
Otmane,Dingle,878,116-1196,CAMP HILL,PA,17001,M,Y,68000,3.07,0,0
Devesh,Nuseibeh,863,113-1894,LAKE WORTH,FL,33461,S,N,33500,0,0,0
Johny,Blaine,301,178-1837,CHARLESTOWN,MD,21914,M,Y,97000,4.75,0,2400
Rimli,Oksanen,318,143-1991,LAFAYETTE,LA,70504,M,Y,21000,4.7200003,0,1000
Xinhau,Vasanthakumar,479,190-2099,MURFREESBORO,AR,71958,S,N,94500,7,20,0
Donald,Benecke,208,141-1437,TERRETON,ID,83450,M,Y,72000,7.8,0,3300
Takaharu,Minei,907,115-1624,STEVENS VILLAGE,AK,99774,M,Y,20500,0,0,0
Garimella,Poulakidas,618,178-1610,FLOSSMOOR-typoALMONT,IL-typoGA,60422,M,N,83000,3,0,0
Belinda,Sadanandan,503,188-1927,ASHLAND,OR,97520,S,N,49500,9,159,0
Bashar,Fleischanderl,402,160-1708,WAUSA,NE,68786,M,Y,97500,6.84,0,103
Augustin,Leeser,316,185-1863,KENDALL,KS,67857,M,N,69500,6.45,0,0
Chienwen,Roantree,402,147-1161,SUMNER,NE,68878,S,Y,10500,3.9985063,103,103
Shalhav,Bensaou,541,167-1721,PORTLAND,OR,97251,M,N,92500,9,0,0
Donglai,Shumilov,435,196-1795,GREENVILLE,UT,84731,S,Y,11000,7,2475,2475
Dafna,Aumann,775,192-1092,HENDERSON,NV,89012,M,N,16500,0,0,0
Johanna,Skandalis,401,101-1816,WEST KINGSTON,RI,2892,M,Y,63500,0,0,0
Brigid,Turkedjiev,480,144-1985,PHOENIX,AZ,85044,S,N,68500,3.7767498,2100,0
Jochen,Dedood,702,164-2022,THE LAKES,NV,89163,S,N,37000,0,0,0
Atsushi,Messmer,302,167-1570,WILMINGTON,DE,19807,S,N,62000,5.95,110,0
Didar,Guinther,804,191-1954,WHITEWOOD,VA,24657,S,N,31500,5.75,900,0
Thirumalai,Matthijssen,248,170-1828,AUBURN,MI,48611,M,Y,11000,3.9,0,3100
Sokratis,Ciampi,973,190-1108,CAMDEN,NJ,8101,S,N,90000,2.5039582,1000,0
Wesley,Snelling,208,115-1161,KING HILL,ID,83633,M,N,22500,7.6580653,0,0
Merrick,Lewandowski,248,174-1686,HESPERIA,MI,49421,S,N,93000,3.9,3100,0
Masayo,Huthnance,661,168-1235,EL CAJON,CA,92021,M,Y,20000,4.2297716,0,272
Janathan,Mastrobuoni,720,146-1202,COWDREY,CO,80434,M,Y,82000,4.63,0,0
Shao,Osterweil,405,124-1780,LAHOMA-typoALMONT,OK-typoNV,73754,S,Y,16500,6.25,1000,1000
Dongsu,Geske,404,120-1162,ATLANTA,GA,30332,S,Y,30500,6,2700,3000
Leysia,Eldridge,316,116-1731,GENESEO,KS,67444,S,N,12000,3.5,2250,0
Yingsha,Boizumault,918,197-1248,LEFLORE,OK,74942,S,Y,77000,6.25,1000,1000
Luc,Karlapalem,563,153-1117,LA VETA,IA-typoGA,51550,M,Y,66500,8.98,0,40
Derwent,Skeie,808,112-1816,HONOLULU,HI,96843,M,Y,81500,8.25,0,1040
Tiiu,Hempstead,401,128-1868,PEACE DALE,RI,2883,S,Y,11000,0,0,0
Shiou,Maierhofer,229,138-1214,AUSTELL,GA,30168,M,Y,9500,6,0,3000
Ra'ed,Berstel,702,135-1702,LAS VEGAS,NV,89124,S,N,87000,0,0,0
Jordan,Netravali,425,121-1924,ELMA,WA,98541,M,N,68500,0,0,0
Xianfeng,Strandh,787,191-1125,SAN JUAN,PR,901,S,Y,34000,0,0,0
Sadali,Coates,443,125-1308,SHARPTOWN,MD,21861,M,N,25500,4.75,0,0
Qinru,Neidhardt,502,143-1580,SALEM,KY,42078,S,Y,2000,2,20,20
Shafi,Kropp,347,149-1113,ALMONT,NY-typoMI,12978,S,Y,89500,4.4721036,0,1000
Josina,Kreutzer,321,179-1103,REDDICK,FL,32686,M,Y,73000,0,0,0
Mizuho,Cosica,717,114-1466,SCRANTON,PA,18504,M,N,54500,3.07,0,0
Aamod,Comparot,989,121-2084,SANFORD,MI,48657,M,Y,47500,3.9,0,3100
Enno,Rall,802,143-1946,BETHEL,VT,5032,S,N,86000,4.7161355,3300,0
Guohong,Benjauthrit,507,150-1000,HARTMAN,WV,55710,S,Y,2500,5.35,3300,3300
Rachael,Hambrusch,406,140-1961,JUDITH GAP,MT,59453,M,Y,34000,6.9,0,1900
Sayed,Raoult,919,114-2012,WALNUT COVE,NC,27052,M,Y,88500,7.589161,0,3300
Kriengkrai,Duran,559,101-1529,NAPA,CA,94559,S,N,57500,9.3,87,0
Yasutaka,Messing,802,189-1575,ALMONT,VT-typoMI,5344,S,N,75500,4.507233,3300,0
Smaragda,Guckenheimer,606,172-1510,WEST LOUISVILLE,KY,42377,M,N,90000,6,0,0
Xuemin,Cridlig,802,145-1116,BENNINGTON,VT,5201,M,Y,32000,3.6417804,0,3300
Shailendra,Wohed,541,113-1317,PORT ORFORD,OR,97465,M,N,24000,9,0,0
Kemal,Bartley,802,101-1248,MARSHFIELD,VT,5658,M,N,47500,3.95016,0,0
Werasak,Casson,580,196-1884,PERKINS,OK,74059,M,N,49000,6.25,0,0
Ratilal,Junnemann,603,109-1102,EAST WAKEFIELD,NH,3830,S,Y,6000,0,0,0
Bei,Hogstedt,605,146-1100,BLACK HAWK,SD,57718,M,N,90500,0,0,0
Kristinn,Zfira,740,120-1708,HELENA,OH,43435,S,Y,19500,1.1933256,1300,1300
Share,Biryukow,970,135-1961,BLANCA,CO,81123,S,N,81000,4.63,0,0
Raz,Fleet,608,185-1310,THREE LAKES-typoNORTH FORT MYERS,WI-typoCT,54562,S,Y,44500,5.2195973,700,400
Naim,Gutman,502,197-1833,EMERSON,KY,41135,M,Y,74500,5.9722223,0,20
Sanza,Majerski,479,143-1496,OARK,AR,72852,M,Y,56500,7,0,20
Prabal,McQuire,920,161-1325,POTOSI,WI,53820,M,N,16500,4.7330933,0,0
Peeter,Unland,803,154-1688,MC COLL,SC,29570,M,Y,15000,7,0,3300
Irek,Serafimovski,701,156-1775,MANVEL,ND,58256,S,N,85500,2.7468474,3300,0
Lanfranco,Bitter,574,183-1891,REYNOLDS,IN,47980,M,N,100000,3.4,0,0
Johanan,Deen,541,134-1952,ECHO,OR,97826,M,Y,63500,9,0,159
Shimeng,Araki,920,130-1089,NEENAH,WI,54957,M,N,18000,4.759156,0,0
Tapani,Birsak,864,104-1884,RUFFIN,SC,29475,M,N,68000,7,0,0
Glyn,Rychly,810,134-1074,HUDSONVILLE,MI,49426,S,Y,64000,3.9,3100,3100
Joan,Gilhooly,772,164-1389,GRACEVILLE,FL,32440,S,N,49000,0,0,0
Munehiko,Losch,310,144-1443,SAN JOSE,CA,95160,M,N,43500,9.3,0,0
Hao,Iisaka,971,129-1738,SWEET HOME,OR,97386,M,N,19500,9,0,0
Vishwa,Georgakopoulos,907,189-2007,EGEGIK,AK,99579,S,N,57500,0,0,0
Onat,Bergere,513,147-1859,FRANKFORT,OH,45628,S,Y,31500,1.5916642,1300,1300
Rajamani,Arlabosse,816,189-1232,FARLEY,MO,64028,M,Y,1000,1.5,0,1200
Weigang,Mandoiu,907,155-1749,HYDABURG,AK,99922,S,N,24500,0,0,0
Rodnay,Stylianou,920,115-1066,RACINE,WI,53406,S,Y,47000,5.2630353,700,400
Duvvuru,Klippgen,505,158-1849,TRAMPAS,NM,87576,M,N,71500,5.3,0,0
Raimar,Kesavan,479,195-1701,CENTER RIDGE,AR,72027,M,Y,15500,3.892554,0,20
Sunder,Kavi,928,196-2049,PHOENIX,AZ,85018,S,N,94500,4.17975,2100,0
Ikuko,Shankland,308,126-1116,LONG PINE,NE,69217,M,N,92000,6.84,0,0
Madhavan,Pikalev,870,196-1239,MAGNESS,AR,72553,S,N,23500,5.8048286,20,0
Gene,Ramaswamy,980,121-1860,TILLERY,NC,27887,S,Y,94000,7.7045455,3300,3300
Vijayan,Sufrin,573,124-1733,CENTER-typoMADISON LAKE,MO-typoGA,63436,S,N,29000,6,2100,0
Bonghee,Kaminka,706,134-1891,OGLETHORPE,GA,31068,S,Y,57000,6,2700,3000
Annita,Kuriyan,228,133-1995,MAGNOLIA,MS,39652,S,N,67000,5,6000,0
Koti,Hammainen,301,149-1205,WINGATE-typoALMONT,MD-typoNV,21675,S,Y,19500,4.75,2400,2400
Sebastiaan,Mitkov,312,157-1473,STRASBURG,IL,62465,S,Y,82500,3,2000,2000
Shigenori,Gradenigo,276,159-1452,MIDDLETOWN,VA,22645,M,N,39500,5.75,0,0
Karsten,Ravishankar,701,176-1621,STIRUM,ND,58069,M,N,76500,2.642517,0,0
Hyeokman,Rebbapragada,405,146-1742,PERKINS,OK,74059,M,N,87000,6.25,0,0
Hana,Chandra,402,145-1458,WILBER,NE,68465,S,Y,36500,6.84,103,103
Shane,Ramseyer,801,199-1342,ANTIMONY,UT,84712,S,Y,40500,7,2475,2475
Giorgio,Steihaug,563,148-1318,RUSSELL,IA,50238,S,N,15000,2.479763,40,0
Jangsu,Suchak,603,179-1619,HANOVER,NH,3755,S,Y,93500,0,0,0
Nurith,Cristoforetti,715,134-1343,BRANTWOOD,WI,54513,S,Y,94500,6.0883546,700,400
Umpei,Kadota,406,199-1661,MISSOULA,MT,59803,M,Y,44000,6.9,0,1900
Tzvetan,Schaap,270,134-1841,UTICA,KY,42376,S,N,76000,6,20,0
Dhiraj,Pell,317,191-1903,NORTH FORT MYERS,NV,47137,M,Y,23500,3.4,0,1000
Joonsoo,Tanishita,402,121-1446,PONCA,NE,68770,M,N,57000,6.84,0,0
Meliu,Mallette,515,124-1856,OELWEIN,IA,50662,M,N,1500,0.39566132,0,0
Tsuguo,Mazenc,616,128-1372,INDIAN RIVER,MI,49749,M,N,36500,3.9,0,0
Aniorte,Reggio,406,151-1915,ENNIS,MT,59729,M,N,4000,1.8646553,0,0
Jessie,Wode,304,160-1737,CHARLESTON,WV,25315,M,Y,500,3,0,2000
Jolly,Donath,808,156-1168,HAUULA,HI,96717,S,Y,61000,8.25,1040,1040
Weicheng,Vetterli,612,142-1999,MAPLE PLAIN,MN,55393,S,N,82500,7.85,3300,0
Kothuri,Mikhajlov,801,196-1345,BLUFF,UT,84512,M,N,49500,7,0,0
Bader,Miczo,207,158-1172,LEWISTON,ME,4241,S,N,47000,8.5,2850,0
Avraham,Gulliver,319,117-1537,DES MOINES,IA,50360,M,N,72500,8.98,0,0
Fetima,Beliaeva,208,185-1206,MAY,ID,83253,M,Y,54000,7.8,0,3300
Yuiko,Pelechano,218,132-1689,WADENA,MN,56482,M,Y,38000,6.2832975,0,3300
Eunsook,Nunn,901,139-1011,KNOXVILLE,TN,37995,M,Y,53500,0,0,0
Anirvan,Giraffa,864,119-1331,COLUMBIA,SC,29208,S,Y,39000,7,3300,3300
Ugis,Haudot,304,175-1462,EAST BANK,WV,25067,S,Y,17500,3.525,2000,2000
Vijay,Piola,225,168-1634,NATALBANY,LA,70451,M,Y,7000,2,0,1000
Takehiro,Dee,501,186-1644,HOT SPRINGS NATIONAL PARK,AR,71901,M,N,80500,7,0,0
Youfang,Geske,240,130-1591,RIDGELY,MD,21687,S,N,66000,4.75,2400,0
Arco,Sigal,302,192-1904,WILMINGTON,DE,19807,S,N,65000,5.95,110,0
Mihaela,Tredennick,808,118-1653,HONOLULU,HI,96810,M,Y,92500,8.25,0,1040
Toshiki,Wiering,401,107-1813,FORESTDALE,RI,2824,S,Y,37000,0,0,0
Rajjan,Tripakis,203,166-1572,BOZRAH,CT,6334,M,N,36000,5,0,0
Cris,Flege,860,145-1933,STAMFORD,CT,6911,S,Y,32000,5,12750,0
Eilon,State,808,114-1670,WAILUKU,HI,96793,S,Y,78000,8.25,1040,1040
Bai,Larus,937,196-1697,ROOTSTOWN,OH,44272,S,N,26000,1.4090923,1300,0
Tadakazu,Castellanos,870,184-1088,HOT SPRINGS NATIONAL PARK,AR,71951,S,N,70500,7,20,0
Meiyappan,Tillich,425,180-1899,HAMILTON,WA,98255,M,Y,53500,0,0,0
Husni,Siddall,320,118-1649,STEEN,MN,56173,S,Y,52000,7.0303626,3300,3300
Lih,Lipinski,740,196-1027,KENT,OH,44242,M,N,47500,2.1227822,0,0
Muffy,Lejter,603,177-1132,ALTON,NH,3809,S,N,6000,0,0,0
Leland,Crouzet,860,115-1480,HARTFORD,CT,6154,M,Y,54000,5,0,0
Hanna,Sackman,207,178-1330,FORT KENT,ME,4743,M,Y,92500,8.5,0,2850
Shaunak,Bojadziev,808,162-1324,HAWAII NATIONAL PARK,HI,96718,M,Y,33500,7.0782895,0,1040
Chandrashekar,Ehara,304,121-1297,HUNTINGTON,WV,25778,S,N,19000,3.63,2000,0
Toshiyuki,Ouhyoung,336,179-1235,CHARLOTTE,NC,28258,M,Y,69500,7.1905594,0,3300
Shayne,Repeko,850,131-1809,FORT PIERCE,FL,34982,S,Y,92500,0,0,0
Jinpo,Daskalopulu,865,154-2016,HARTMAN,WV,38236,S,N,36500,0,0,0
Erry,Uyttendaele,717,187-1844,KELTON,PA,19346,S,N,12500,3.07,0,0
Toshihide,Canulette,563,149-1744,SCARVILLE,IA,50473,M,Y,92500,8.98,0,40
Wojciech,Sanetoh,406,178-1711,MADISON LAKE,WV,59875,S,Y,68000,6.9,1900,1900
Emilian,Staab,773,198-1445,CHICAGO,IL,60661,S,Y,31500,3,2000,2000
Darwyn,Bod,503,153-1759,SAINT HELENS-typoHARTMAN,NV,97051,M,N,60500,9,0,0
Uptal,Thistlewaite,406,172-1220,RAMSAY,MT,59748,M,N,36500,6.9,0,0
Jianying,Parodi,678,131-1661,MACON,GA,31216,M,N,55000,6,0,0
Markian,McNaught,901,137-1616,CHATTANOOGA,TN,37410,M,N,71000,0,0,0
Krishnan,Serlin,414,181-1643,BOYD,WI,54726,M,N,1500,4.6,0,0
Meyer,Gawecki,336,140-2004,CLAYTON,NC,27528,S,N,21500,6.1835666,3300,0
Jared,Schamp,260,173-1817,GWYNNEVILLE,IN,46144,S,N,43000,3.4,1000,0
Blake,Futatsugi,703,199-1394,SMITHFIELD,VA,23430,S,Y,86000,5.75,900,900
Piriya,Ikei,206,189-1362,KEYPORT,WA,98345,M,N,7500,0,0,0
Jui,Backelin,307,194-1538,ALMONT,WY-typoGA,83014,S,N,68000,0,0,0
Vidyadhar,Heijst,870,178-1762,PINE BLUFF,AR,71613,S,Y,56000,7,20,20
Seraphin,Rovere,206,122-1909,REDONDO,WA,98054,S,N,58000,0,0,0
Birol,Nauman,610,168-1609,GRAYSVILLE,PA,15337,S,Y,69000,3.07,0,0
Besma,Boddy,573,135-1248,LEADWOOD,MO,63653,S,N,81500,6,2100,0
Djoerd,Losch,971,106-2091,PORTLAND,OR,97216,M,Y,59000,9,0,159
Marnix,Genssler,918,197-1249,YUKON,OK,73099,S,N,25000,6.25,1000,0
Hannes,Roussinov,307,169-1598,GRANGER,WY,82934,M,N,48500,0,0,0
Chiemi,Faulk,610,145-1334,BECHTELSVILLE,PA,19505,M,N,15000,3.07,0,0
Uffe,Friesen,505,106-1826,LAMY,NM,87540,S,N,91500,5.3,3300,0
Eiichi,Kubela,505,188-1262,SANTA FE,NM,87503,M,N,99500,5.3,0,0
Fionn,Oxman,802,105-1277,ADAMANT,VT,5640,M,N,58000,4.1590624,0,0
Toneluh,Rousskov,773,193-1929,PETERSBURG,IL,62675,S,N,59500,3,2000,0
Sarangan,Lanka,808,157-1734,HONOLULU,HI,96830,S,Y,74500,8.25,1040,1040
Debbie,Silva,304,153-1543,BEVERLY,WV,26253,S,N,4500,3,2000,0
Sanjiv,Charlesworth,620,123-1373,HOME,KS,66438,M,N,22000,4.8766665,0,0
Aluzio,Parkin,401,105-1082,HOPKINTON,RI,2833,M,N,14000,0,0,0
Gwoboa,Pinzani,513,170-1747,BROOKFIELD,OH,44403,M,Y,26000,1.4090923,0,1300
Avigdor,Lalanne,318,181-1691,MARINGOUIN,LA,70757,S,N,7500,2,4500,0
Femke,Fraisse,507,104-1805,HENDERSON,MN,56044,S,Y,89000,7.85,3300,3300
Srilatha,Poulsen,203,116-1192,NEW HAVEN,CT,6501,S,N,88000,5,12750,0
Subbu,Lynn,269,131-1402,LINCOLN PARK,MI,48146,M,Y,27500,3.9,0,3100
Agostino,Olien,256,130-1382,ATHENS,AL,35613,S,Y,72000,5,1500,300
Ashfaq,Baez,234,165-1631,BRECKSVILLE,OH,44141,M,N,81500,3.2514076,0,0
Zamir,Chandramouli,570,169-1783,OIL CITY,PA,16301,S,Y,52500,3.07,0,0
Kuhanandha,Braberman,440,150-1112,VALLEY CITY,OH,44280,S,N,87500,3.4505768,1300,0
Dipen,Menczer,203,158-1548,DANBURY,CT,6816,S,N,79500,5,12750,0
Peigen,Elliman,952,118-2084,HOPE,MN,56046,M,N,63500,7.6440234,0,0
Jasminko,Schurmann,320,119-1488,ARCO,MN,56113,S,Y,68500,7.85,3300,3300
Hyungjeong,Giroux,701,141-1249,SHEYENNE,ND,58374,S,Y,28000,2.1,3300,3300
Manoel,D'Hooge,301,139-1545,BALTIMORE,MD,21203,S,N,90000,4.75,2400,0
Clement,Bedell,253,103-1304,SILVER CREEK,WA,98585,S,Y,31000,0,0,0
Gian,Zercher,207,143-2011,WEST NEWFIELD,ME,4095,M,N,20500,8.5,0,0
Hidehisa,Ducasse,808,143-1918,ELEELE,HI,96705,S,Y,28000,6.086842,1040,1040
Hanafy,Olien,208,182-1412,LENORE,ID,83541,M,N,65500,7.8,0,0
Dulcineia,Pericliev,240,159-1752,HAGERSTOWN-typoMADISON LAKE,MD-typoCT,21747,S,Y,1000,2,2400,2400
Rajashekar,Dessi,479,115-1385,LAWSON,AR,71750,S,Y,79500,7,20,20
Ives,Chitil,336,197-1123,CHARLOTTE,NC,28208,S,N,86000,7.5367136,3300,0
Saniya,Coney,410,102-1787,HANCOCK,MD,21750,M,Y,31500,4.75,0,2400
Sydney,Mutch,573,162-1818,KANSAS CITY,MO,64130,M,Y,15500,6,0,1200
Elsa,Mikschl,859,197-2006,CROCKETT,KY,41413,M,Y,24000,3.1666665,0,20
Rafail,Slosberg,603,157-1770,MANCHESTER,NH,3103,S,Y,99500,0,0,0
Rodnay,Guckenheimer,910,161-1583,BURLINGTON,NC,27220,S,Y,91500,7.6520977,3300,3300
Lissa,Puhalskii,337,117-1525,DUBACH,LA,71235,M,N,79000,6,0,0
Atro,Isern,432,187-1654,KILGORE,TX,75662,M,N,10500,0,0,0
Marcian,Pinotti,401,175-1560,BARRINGTON,RI,2806,M,Y,31500,0,0,0
Jihong,Mitchem,541,174-1062,NORTH FORT MYERS,IA,97217,M,N,59500,9,0,0
Hitoshi,D'Hondt,404,176-1484,ACWORTH,GA,30101,S,Y,54500,6,2700,3000
Norival,Poggio,240,150-1554,HANCOCK,MD,21750,S,Y,86000,4.75,2400,2400
Tiejun,Schell,971,193-1525,SALEM,OR,97303,M,N,85000,9,0,0
Brent,Raebel,641,186-1946,BRADFORD,IA,50041,S,N,47000,7.4198565,40,0
Aylmer,Hatcher,603,152-1603,LITCHFIELD,NH,3052,S,Y,87500,0,0,0
Amol,Marjeta,303,196-1114,SNOWMASS VILLAGE,CO,81615,M,N,37000,4.63,0,0
Jochen,Lieshout,316,169-1721,PARKER,KS,66072,S,N,53000,6.45,2250,0
Hidehito,Gazzotti,203,184-1474,HARTFORD,CT,6104,M,Y,61500,5,0,0
Jock,Strandh,970,124-2086,SEDGWICK,CO,80749,M,N,3000,4.63,0,0
Asa,Shmueli,808,177-1253,HAWI,HI,96719,S,N,59000,8.25,1040,0
Jiajie,Brost,262,127-1843,DUNBAR,WI,54119,M,Y,90000,6.010166,0,400
Georgios,Burstall,302,111-1581,DELAWARE CITY,DE,19706,M,Y,14500,2.8477273,0,110
Balkrishna,Magenheimer,270,107-1163,GRAHN,KY,41142,M,N,79000,6,0,0
Lin,Smotherman,303,191-1159,WESTCLIFFE,CO,81252,M,Y,27500,4.63,0,0
Zhiguo,Crooks,919,152-1496,EDEN,NC,27289,S,Y,48000,6.7395105,3300,3300
Kellyn,Manjunath,210,148-1977,EL PASO,TX,79925,S,Y,43500,0,0,0
Darin,Bofill,701,177-1931,ANTLER,ND,58711,S,Y,57000,2.4164684,3300,3300
Candy,Katiyar,870,114-1966,ELIZABETH,AR,72531,M,N,45500,7,0,0
Winston,Beninger,434,190-1217,CHARLOTTESVILLE,VA,22902,S,N,62500,5.75,900,0
Beshir,Zodik,706,102-1446,CARLTON,GA,30627,S,N,40500,6,2700,0
Tomyyuki,Thomassen,980,142-1240,KNIGHTDALE,NC,27545,S,Y,97500,7.777972,3300,3300
Ion,Pusterhofer,612,136-1302,MADISON LAKE,MN-typoCT,55732,M,N,81000,7.85,0,0
Piyu,Darbha,414,188-1710,LA VETA,WI-typoNV,53923,M,N,84500,5.914603,0,0
Krishnaprasad,Banning,541,125-1479,FIELDS,OR,97710,S,Y,21500,9,159,159
Ilsoo,Senouci,603,147-1858,NASHUA-typoLA VETA,IA,3061,M,Y,99500,0,0,0
Gerold,Llewellyn,520,142-1260,SCOTTSDALE,AZ,85254,S,Y,98000,4.234,2100,2300
Naima,Messina,334,168-1342,HELENA-typoHARTMAN,CT,35080,M,N,65000,5,0,0
Radomir,Trommer,704,170-1435,ROCKY MOUNT,NC,27801,M,Y,74000,7.284965,0,3300
Haripriyan,Getov,479,156-2095,COLUMBUS,AR,71831,M,Y,24000,5.9243455,0,20
Xiaoyong,Garnham,808,140-1013,CAMP H M SMITH,HI,96861,M,Y,93500,8.25,0,1040
Motoshi,Banagl,907,172-1986,ESTER,AK,99725,S,Y,69500,0,0,0
Jongsuk,Impagliazzo,336,128-1178,BETHANIA,NC,27010,M,N,68500,7.1695805,0,0
Imtiaz,Stetina,808,160-1466,HANAPEPE,HI,96716,M,N,5500,2.030921,0,0
Amotz,Atluri,701,150-1062,NIAGARA,ND,58266,S,Y,6000,2.1,3300,3300
Natalie,Socolovsky,843,182-1841,DAUFUSKIE ISLAND,SC,29915,S,Y,6500,4.2203307,3300,3300
Zhaohui,Mille,260,152-1143,GRIFFIN,IN,47616,M,N,20500,3.4,0,0
Aija,Arthur,614,147-1591,CLIFTON,OH,45316,M,N,50500,2.2223668,0,0
Youpyo,Gurbaxani,217,175-1875,ARENZVILLE,IL,62611,M,N,64500,3,0,0
Fikret,Gutman,201,192-1010,NEW BRUNSWICK,NJ,8901,S,Y,69500,2.1806562,1000,1500
Tetsuzo,Geertgens,989,195-1422,SIX LAKES,MI,48886,M,Y,32500,3.9,0,3100
Mamdouh,Rapp,269,103-1450,CARO,MI,48723,S,Y,10000,3.9,3100,3100
Anisoara,Kikuchi,520,128-1768,TUCSON,AZ,85750,S,Y,51000,3.5054998,2100,2300
Shui,Nacsa,919,161-1399,LUMBER BRIDGE,NC,28357,S,Y,40000,6.571678,3300,3300
Tokunbo,Nadin,814,142-1156,PLAINFIELD,PA,17081,M,N,6000,3.07,0,0
Ilana,Berbec,504,194-2044,WEST MONROE-typoMADISON LAKE,WV,71292,M,Y,73500,6,0,1000
Heidrun,Henson,860,140-1897,NIANTIC,CT,6357,M,N,15000,5,0,0
Rasikan,Hohenstein,202,139-1095,WASHINGTON-typoNORTH FORT MYERS,IA,20340,M,Y,21000,6.9750004,0,1370
Guoliang,Angeline,224,107-1184,HOMER GLEN,IL,60491,M,N,70000,3,0,0
Takayoshi,Deyuan,678,151-1060,ALPHARETTA,GA,30004,S,N,55500,6,2700,0
Donghoon,Siems,505,147-1513,MESILLA,NM,88046,S,N,62000,5.3,3300,0
Tefko,Ermakov,843,193-1800,FINGERVILLE,SC,29338,M,N,7500,4.658074,0,0
Katsuo,Vollamr,203,173-1520,HARTFORD,CT,6120,M,N,13500,5,0,0
Sangiv,Nishizaki,504,198-2087,STARKS,LA,70661,M,N,20500,4.56,0,0
Eneko,Telichevesky,251,175-1021,CULLMAN,AL,35058,M,Y,55000,5,0,300
Shakhar,Candy,843,194-1846,CADES,SC,29518,S,N,84500,7,3300,0
Giao,Feurzeig,414,111-1807,LARSEN,WI,54947,S,N,74000,5.7321644,700,0
Anatole,Bercovich,605,160-1129,ARLINGTON,SD,57212,M,Y,68000,0,0,0
Oddvar,Simon,702,120-1949,NORTH LAS VEGAS,NV,89036,S,Y,28000,0,0,0
Chandana,Galand,939,157-1403,MADISON LAKE,GA,908,M,Y,29500,0,0,0
Lois,Cantwell,505,192-1215,MAGDALENA,NM,87825,S,N,71000,5.3,3300,0
Chengchang,Ruohonen,417,173-1573,NEELYVILLE,MO,63954,S,Y,45500,6,2100,1200
Steffan,McCarl,302,146-1645,YORKLYN,DE,19736,S,N,14500,2.8477273,110,0
Jarl,Schwederski,480,108-1622,TUCSON,AZ,85707,M,N,51500,3.5132499,0,0
Zohra,Eugenio,701,169-1005,EDMORE,ND,58330,M,Y,15500,2.1,0,3300
Piraye,Dostal,412,173-1806,PORT ROYAL,PA,17082,M,Y,66500,3.07,0,0
Takatoshi,Parberry,715,145-1877,TREMPEALEAU-typoMADISON LAKE,NV,54661,M,Y,50000,5.3151608,0,400
Krasimir,Smagt,208,192-1192,HOWE,ID,83244,M,Y,19500,6.806456,0,3300
Leelanivas,Zwicker,203,135-1771,OLD GREENWICH,CT,6870,S,N,76000,5,12750,0
Tyrone,Wellman,715,154-1001,TIGERTON,WI,54486,M,Y,61500,5.514975,0,400
Marjan,Fullerton,801,161-1103,SALT LAKE CITY,UT,84108,S,Y,40500,7,2475,2475
Shingo,Cockrell,719,149-2080,PAOLI,CO,80746,S,Y,52500,4.63,0,0
Len,Dami,732,127-1367,TRENTON,NJ,8625,S,Y,43500,1.7706146,1000,1500
Horia,Haining,202,128-1252,WASHINGTON,DC,20045,M,Y,8000,4.5,0,1370
Nahla,Weinreich,812,158-2037,CRAWFORDSVILLE,IN,47936,S,Y,97000,3.4,1000,1000
Adele,Urbano,808,197-1582,MAKAWAO,HI,96768,S,Y,97500,8.25,1040,1040
Gongxian,Kendall,907,111-1747,ANCHORAGE,AK,99529,S,N,89000,0,0,0
Lubomir,Halpenny,907,100-1107,ANCHORAGE,AK,99695,M,N,6500,0,0,0
Ferdi,Dunlop,612,126-2069,TAOPI-typoHARTMAN,MN-typoCT,55977,S,Y,73500,7.85,3300,3300
Riccardo,Collavizza,505,171-1555,THOREAU,NM,87323,M,N,32000,5.3,0,0
Vassilka,Kajihara,915,145-1313,SAN MARCOS,TX,78667,M,N,32500,0,0,0
Zuo,Ljubodraga,251,188-1993,ROBERTSDALE,AL,36567,M,N,51500,5,0,0
Nobuhiko,Furman,706,166-1415,MC RAE,GA,31055,M,N,98500,6,0,0
Gianna,Motwani,260,105-1969,MONROE CITY,IN,47557,M,Y,43500,3.4,0,1000
Kepa,Krichel,307,179-1627,MEDICINE BOW,WY,82329,M,Y,20000,0,0,0
Soumen,Sakagami,701,119-1844,BOWDON,ND,58418,S,Y,98000,2.8917506,3300,3300
Iztok,Koldinger,757,173-2029,RHOADESVILLE,VA,22542,M,N,16500,5.6160717,0,0
Fenia,Amy,612,119-2045,HENNING,MN,56551,M,N,22500,5.45619,0,0
Wijnand,Gradek,336,143-1872,HOLLISTER,NC,27844,M,N,33000,6.424825,0,0
Landy,Herbelin,401,128-1341,SHANNOCK-typoLA VETA,IA,2875,S,N,11000,0,0,0
Lucas,Clarysse,801,152-1211,WEST JORDAN,UT,84081,M,N,95500,7,0,0
Thoms,Dasarathy,501,188-1415,ALEXANDER,AR,72002,M,Y,38500,7,0,20
Lorin,Maelbrancke,615,107-2024,ARNOLD AFB,TN,37389,S,Y,39500,0,0,0
Hidetaka,Dilger,985,158-1734,SIEPER,LA,71472,S,N,68000,6,4500,0
Jamaludin,Meyrowitz,701,193-1625,OBERON,ND,58357,M,N,71500,2.5845559,0,0
Tjahjadi,Lovett,907,181-1804,RUSSIAN MISSION,AK,99657,M,N,26500,0,0,0
Shreeram,Aybay,208,112-1635,COOLIN,ID,83821,M,Y,63500,7.8,0,3300
Xinfeng,O'Boyle,317,139-2049,FORT WAYNE,IN,46864,S,Y,75000,3.4,1000,1000
Ioana,Pierer,702,123-1811,LA VETA,CT,89022,M,N,86500,0,0,0
Idit,Klugerman,302,160-1987,WILMINGTON,DE,19810,M,Y,67000,5.95,0,110
Silvio,Iyengar,320,104-1219,BIG LAKE,MN,55309,M,Y,20000,5.35,0,3300
Yousri,Knottenbelt,406,181-1309,BOZEMAN,MT,59718,S,Y,65000,6.9,1900,1900
Wilfred,Hamalainen,240,108-1605,RIDGELY,MD,21681,M,Y,49500,4.75,0,2400
Filiberto,Csuros,301,177-1334,LANHAM-typoNORTH FORT MYERS,WV,20703,M,Y,6000,4.75,0,2400
Millist,Ang,939,158-1483,PENUELAS,PR,624,S,N,92000,0,0,0
Helen,Bonfils,540,171-1104,BUENA VISTA,VA,24416,M,N,17000,5.75,0,0
Roslyn,Kogge,701,159-1008,ABSARAKA,ND,58002,S,Y,53500,2.3758955,3300,3300
Wamberto,Yaku,701,151-1430,ALAMO,ND,58830,M,Y,43000,2.2541769,0,3300
Frode,Davisson,503,168-1162,GRANTS PASS,OR,97527,S,N,71500,9,159,0
Erika,Schmerl,908,125-1282,PATERSON,NJ,7501,M,N,52000,1.9046667,0,0
Donny,Massalin,503,123-2041,SPRINGFIELD,OR,97475,S,Y,93500,9,159,159
Guntis,Terwijn,225,152-1528,NEW ORLEANS,LA,70148,S,Y,2000,2,4500,1000
Sarantos,Appelfeller,603,138-1997,OSSIPEE,NH,3864,S,N,87000,0,0,0
Alfons,Covan,216,104-2026,HOWARD,OH,43028,M,Y,31000,1.5750668,0,1300
Kalique,Salman,435,123-2018,PROVIDENCE,UT,84332,M,Y,71500,7,0,2475
Yuping,Berglund,603,194-1802,NEWPORT,NH,3773,M,N,98500,0,0,0
Hongwei,Brodal,304,100-1579,LETART,WV,25253,M,N,7500,3,0,0
Saewoong,Ravn,864,180-1072,BEAUFORT,SC,29901,M,N,30000,7,0,0
Zeng,Fouss,970,182-1422,CRAIG,CO,81626,M,Y,1000,4.63,0,0
Weigang,Schoenig,503,119-1273,MITCHELL,OR,97750,S,N,2000,5,159,0
Saeeiab,Legat,386,144-1597,VERO BEACH,FL,32966,M,N,26000,0,0,0
Shensheng,Zivojnovic,563,166-1334,HENDERSON,IA,51541,M,N,31000,4.94981,0,0
Cyrano,Stroet,307,145-1363,LA BARGE-typoMADISON LAKE,CT,83123,S,Y,2000,0,0,0
Prabhav,Hossley,843,105-1521,GREENVILLE,SC,29612,S,N,43000,7,3300,0
Motoshi,Oizhong,701,100-1321,DICKINSON,ND,58602,S,Y,20500,2.1,3300,3300
Aida,McCallien,202,131-1248,WASHINGTON,DC,20573,S,N,54000,9,1370,0
Wenjin,Bhal,339,141-1644,WINCHESTER-typoALMONT,WV,1890,M,Y,26500,5.3,0,1000
Jaynarayan,Zumaque,863,184-1554,SALEM,FL,32356,M,N,9500,0,0,0
Emran,Tetzlaff,802,118-1362,MONTPELIER,VT,5601,S,Y,15500,3.6,3300,3300
Vimal,Korupolu,505,189-1598,BUENA VISTA,NM,87712,S,N,49500,5.3,3300,0
Luquan,Cleave,480,173-1488,SAN TAN VALLEY,AZ,85140,S,N,74500,3.86975,2100,0
Pengyuan,Templeman,208,132-1503,NORDMAN,ID,83848,S,Y,88000,7.8,3300,3300
